,# Hoja/ Page ,Fecha/Date  ,Norte ,Este,Elevación,Hábitat,Sitio/Site,Parcela/Plot,Sub.Parc.,Muestr. #.campo á.j.,Muest.Simil.,"Secc:a b,c,d",Familia,Genero ,Especie,Autor,Nombre común,Altura ,Observaciones,,,
1,1,2005-08-11 00:00:00,748246,34127,1425,RG,1,1,1,1,,a,Lauraceae,sp. 1,,,,0.5,,,,
2,2,2005-08-11 00:00:00,747975,33807,1398,RG,1,1,2,1,,a,Melastomataceae,Meriania,finicola,Wurdack,,0.5,,,,
3,2,2005-08-11 00:00:00,747975,33807,1398,RG,1,1,2,,"1,2,1",a,Melastomataceae,Meriania,finicola,Wurdack,,0.7,,,,
4,2,2005-08-11 00:00:00,747975,33807,1398,RG,1,1,2,2,,b,Moraceae,Ficus,trianae,Dugand,,0.8,,,,
5,2,2005-08-11 00:00:00,747975,33807,1398,RG,1,1,2,3,,b,Rubiaceae,Palicourea,cf. stipularis,Benth.,,1.6,,,,
6,2,2005-08-11 00:00:00,747975,33807,1398,RG,1,1,2,4,,b,Euphorbiaceae,sp.,,,,3,,,,
7,2,2005-08-11 00:00:00,747975,33807,1398,RG,1,1,2,5,,c,Actinidaceae,sp.,,,,5,,,,
8,2,2005-08-11 00:00:00,747975,33807,1398,RG,1,1,2,,"1,2,1",c,Melastomataceae,Meriania,finicola,Wurdack,,3,,,,
9,2,2005-08-11 00:00:00,747975,33807,1398,RG,1,1,2,,"1,2,3",c,Rubiaceae,Palicourea,cf. stipularis,Benth.,,1.8,,,,
10,2,2005-08-11 00:00:00,747975,33807,1398,RG,1,1,2,6,,c,Moraceae,sp. 1,,,,0.5,,,,
11,2,2005-08-11 00:00:00,747975,33807,1398,RG,1,1,2,,"1,2,3",d,Rubiaceae,Palicourea,cf. stipularis,Benth.,,0.5,,,,
12,2,2005-08-11 00:00:00,747975,33807,1398,RG,1,1,2,7,,d,Asteraceae,Vernonanthura,patens,(Kunth) H. Rob.,Pichulán,1,,,,
13,3,2005-08-11 00:00:00,747917,33807,1380,RG,1,1,3,1,,a,Euphorbiaceae,sp.,,,,2,,,,
14,3,2005-08-11 00:00:00,747917,33807,1380,RG,1,1,3,,"1,3,1",a,Euphorbiaceae,sp.,,,,2,,,,
15,3,2005-08-11 00:00:00,747917,33807,1380,RG,1,1,3,2,,a,Rubiaceae,Notopleura,anomothyrsa,(K. Schum. & Donn. Sm.) C.M. Taylor,,1.2,,,,
16,3,2005-08-11 00:00:00,747917,33807,1380,RG,1,1,3,3,,b,Melastomataceae,Meriania,finicola,Wurdack,,0.5,Hoja ancha,,,
17,3,2005-08-11 00:00:00,747917,33807,1380,RG,1,1,3,,"1,3,1",b,Euphorbiaceae,sp.,,,,0.6,,,,
18,3,2005-08-11 00:00:00,747917,33807,1380,RG,1,1,3,4,,c,Melastomataceae,Meriania,finicola,Wurdack,,3,,,,
19,3,2005-08-11 00:00:00,747917,33807,1380,RG,1,1,3,5,,c,Urticaceae,Urera,caracasana,(Jacq.) Griseb.,,0.5,,,,
20,3,2005-08-11 00:00:00,747917,33807,1380,RG,1,1,3,6,,c,Moraceae,Naucleopsis,naga,Pittier,,3,,,,
21,3,2005-08-11 00:00:00,747917,33807,1380,RG,1,1,3,7,,d,Moraceae,Naucleopsis,naga,Pittier,,2.5,,,,
22,3,2005-08-11 00:00:00,747917,33807,1380,RG,1,1,3,,"1,3,2",d,Rubiaceae,Notopleura,anomothyrsa,(K.Schum & Donn.Sm.) C.M. Taylor,,1.5,,,,
23,4,2005-08-11 00:00:00,747986,33888,1370,RG,1,1,4,1,,a,Burseraceae,Dacryodes,cupularis,Cuatrec.,,4,,,,
24,4,2005-08-11 00:00:00,747986,33888,1370,RG,1,1,4,2,,b,Melastomataceae,Miconia,dapsiliflora,Wurdack,,3,,,,
25,4,2005-08-11 00:00:00,747986,33888,1370,RG,1,1,4,3,,b,Melastomataceae,Miconia,dapsiliflora,Wurdack,,4,Hoja ancha,,,
26,4,2005-08-11 00:00:00,747986,33888,1370,RG,1,1,4,4,,c,Cyatheaceae,Cyathea,caracasana,(Klotzsch) Domin,Helecho arboreo,3,,,,
27,4,2005-08-11 00:00:00,747986,33888,1370,RG,1,1,4,5,,d,Melastomataceae,Miconia,dapsiliflora,Wurdack,,2.5,Hoja grande,,,
28,4,2005-08-11 00:00:00,747986,33888,1370,RG,1,1,4,,"1,4,5",d,Melastomataceae,Miconia,dapsiliflora,Wurdack,,4,Hoja grande,,,
29,5,2005-08-11 00:00:00,747974,33953,1362,RG,1,1,5,1,,a,Melastomataceae,sp. 1,,,,0.6,,,,
30,5,2005-08-11 00:00:00,747974,33953,1362,RG,1,1,5,2,,b,Indeterminada,sp. 1,,,,1.5,,,,
31,5,2005-08-11 00:00:00,747974,33953,1362,RG,1,1,5,,"1,5,2",b,Indeterminada,sp. 1,,,,0.7,,,,
32,5,2005-08-11 00:00:00,747974,33953,1362,RG,1,1,5,3,,c,Rubiaceae,Elaeagia,karstenii,Standl.,,1.5,,,,
33,5,2005-08-11 00:00:00,747974,33953,1362,RG,1,1,5,4,,d,Cyatheaceae,Alsophila,erinacea,(H. Karst.) D.S. Conant,Helecho arboreo,2.5,,,,
34,6,2005-08-13 00:00:00,748670,33330,1189,RC,5,2,1,1,,a,Lauraceae,Nectandra,obtusata,Rohwer,,0.5,,,,
35,6,2005-08-13 00:00:00,748670,33330,1189,RC,5,2,1,2,,a,Fab-Mimosoideae,Inga,aff. lallensis,Spruce ex Benth.,,1.5,,,,
36,6,2005-08-13 00:00:00,748670,33330,1189,RC,5,2,1,,"2,1,2",a,Meliaceae,Guarea,kunthiana,A. Juss.,,0.8,,,,
37,6,2005-08-13 00:00:00,748670,33330,1189,RC,5,2,1,,"2,1,2",a,Meliaceae,Guarea,kunthiana,A. Juss.,,0.5,,,,
38,6,2005-08-13 00:00:00,748670,33330,1189,RC,5,2,1,3,,b,Lauraceae,Nectandra,obtusata,Rohwer,,4,,,,
39,6,2005-08-13 00:00:00,748670,33330,1189,RC,5,2,1,4,,b,Myrsinaceae,Geissanthus,aff. longistamineus,(A.C. Sm.) Pipoly,,1.5,,,,
40,6,2005-08-13 00:00:00,748670,33330,1189,RC,5,2,1,,"2,1,4",c,Lauraceae,Nectandra,obtusata,Rohwer,,1,,,,
41,6,2005-08-13 00:00:00,748670,33330,1189,RC,5,2,1,5,,c,Rubiaceae,Psychotria,pilosa,Ruiz & Pav.,,2.5,,,,
42,6,2005-08-13 00:00:00,748670,33330,1189,RC,5,2,1,6,,c,Solanaceae,Solanum,lepidotum,Dunal,,3,,,,
43,6,2005-08-13 00:00:00,748670,33330,1189,RC,5,2,1,7,,c,Staphyleaceae,Huertea,glandulosa,Ruiz & Pav.,,1,,,,
44,6,2005-08-13 00:00:00,748670,33330,1189,RC,5,2,1,8,,d,Meliaceae,Guarea,kunthiana,A. Juss.,Guayabillo,1.6,,,,
45,6,2005-08-13 00:00:00,748670,33330,1189,RC,5,2,1,9,,d,Meliaceae,Guarea,cf. pubescens,(Rich.) A. Juss.,,1.2,Hoja ancha,,,
46,6,2005-08-13 00:00:00,748670,33330,1189,RC,5,2,1,10,,d,Lauraceae,Caryodaphnopsis,theobromifolia,(A.H. Gentry) van der Werff & H.G. Richt.,Caoba,1.4,,,,
47,7,2005-08-13 00:00:00,748610,33337,1200,RC,5,2,2,1,,a,Lauraceae,Nectandra,obtusata,Rohwer,Rosa,1.1,,,,
48,7,2005-08-13 00:00:00,748610,33337,1200,RC,5,2,2,2,,a,Urticaceae,Urera,caracasana,(Jacq.) Griseb.,,0.7,,,,
49,7,2005-08-13 00:00:00,748610,33337,1200,RC,5,2,2,3,,a,Sapotaceae,Chrysophyllum ,aff. venezuelanense,(Pierre) T.D. Penn.,,0.8,,,,
50,7,2005-08-13 00:00:00,748610,33337,1200,RC,5,2,2,4,,b,Lauraceae,Caryodaphnopsis,theobromifolia,(A.H. Gentry) van der Werff & H.G. Richt.,,3.5,,Rebrote,,
51,7,2005-08-13 00:00:00,748610,33337,1200,RC,5,2,2,,"2,2,3",b,Sapotaceae,Chrysophyllum ,aff. venezuelanense,(Pierre) T.D. Penn.,,1.3,,,,
52,7,2005-08-13 00:00:00,748610,33337,1200,RC,5,2,2,5,,b,Bombacaceae,Quararibea,aff. asterolepis,Pittier,,0.5,Hoja pequeña,,,
53,7,2005-08-13 00:00:00,748610,33337,1200,RC,5,2,2,,"2,2,3",b,Sapotaceae,Chrysophyllum ,aff. venezuelanense,(Pierre) T.D. Penn.,,1,,,,
54,7,2005-08-13 00:00:00,748610,33337,1200,RC,5,2,2,,"2,2,3",b,Sapotaceae,Chrysophyllum ,aff. venezuelanense,(Pierre) T.D. Penn.,,2.5,,,,
55,7,2005-08-13 00:00:00,748610,33337,1200,RC,5,2,2,,"2,2,3",b,Sapotaceae,Chrysophyllum ,aff. venezuelanense,(Pierre) T.D. Penn.,,3,,,,
56,7,2005-08-13 00:00:00,748610,33337,1200,RC,5,2,2,,"2,2,3",c,Sapotaceae,Chrysophyllum ,aff. venezuelanense,(Pierre) T.D. Penn.,,1.2,,,,
57,7,2005-08-13 00:00:00,748610,33337,1200,RC,5,2,2,,"2,2,3",c,Sapotaceae,Chrysophyllum ,aff. venezuelanense,(Pierre) T.D. Penn.,,1,,,,
58,7,2005-08-13 00:00:00,748610,33337,1200,RC,5,2,2,,"2,2,3",c,Sapotaceae,Chrysophyllum ,aff. venezuelanense,(Pierre) T.D. Penn.,,1.8,,,,
59,7,2005-08-13 00:00:00,748610,33337,1200,RC,5,2,2,,"2,2,4",d,Lauraceae,Caryodaphnopsis,theobromifolia,(A.H. Gentry) van der Werff & H.G. Richt.,Caoba,0.6,,,,
60,7,2005-08-13 00:00:00,748610,33337,1200,RC,5,2,2,6,,d,Actinidaceae,Saurauria,sp.1,,,0.6,,,,
61,7,2005-08-13 00:00:00,748610,33337,1200,RC,5,2,2,,"2,2,4",d,Lauraceae,Caryodaphnopsis,theobromifolia,(A.H. Gentry) van der Werff & H.G. Richt.,Caoba,4,,,,
62,7,2005-08-13 00:00:00,748610,33337,1200,RC,5,2,2,7,,d,Rubiaceae,sp. 1,,,Chuagal,0.8,,Corteza blanca. Madera fina,,
63,8,2005-08-15 00:00:00,748648,33427,1201,RC,5,2,3,1,,a,Bombacaceae,Quararibea,aff. asterolepis,Pittier,,0.6,,,,
64,8,2005-08-15 00:00:00,748648,33427,1201,RC,5,2,3,2,,a,Tiliaceae,sp.,,,,0.7,,,,
65,8,2005-08-15 00:00:00,748648,33427,1201,RC,5,2,3,3,,a,Capparaceae,Capparis,macrophylla,Kunth,,0.5,Hoja pequeña,,,
66,8,2005-08-15 00:00:00,748648,33427,1201,RC,5,2,3,4,,b,Dichapetalaceae,Stephanopodium,longipedicellatum,Prance,,1,,,,
67,8,2005-08-15 00:00:00,748648,33427,1201,RC,5,2,3,,"2,3,4",b,Dichapetalaceae,Stephanopodium,longipedicellatum,Prance,,1,,,,
68,8,2005-08-15 00:00:00,748648,33427,1201,RC,5,2,3,,"2,3,4",c,Dichapetalaceae,Stephanopodium,longipedicellatum,Prance,,3.5,,,,
69,8,2005-08-15 00:00:00,748648,33427,1201,RC,5,2,3,,"2,3,1",c,Bombacaceae,Quararibea,aff. asterolepis,Pittier,,1.7,,,,
70,8,2005-08-15 00:00:00,748648,33427,1201,RC,5,2,3,,"2,3,1",c,Bombacaceae,Quararibea,aff. asterolepis,Pittier,,0.8,,,,
71,8,2005-08-15 00:00:00,748648,33427,1201,RC,5,2,3,,"2,3,1",c,Bombacaceae,Quararibea,aff. asterolepis,Pittier,,0.7,,,,
72,8,2005-08-15 00:00:00,748648,33427,1201,RC,5,2,3,5,,c,Melastomataceae,Conostegia,superba,D. Don ex Naudin,,1,,,,
73,8,2005-08-15 00:00:00,748648,33427,1201,RC,5,2,3,,"2,3,1",c,Bombacaceae,Quararibea,aff. asterolepis,Pittier,,1.2,,,,
74,8,2005-08-15 00:00:00,748648,33427,1201,RC,5,2,3,,"2,3,3",d,Capparaceae,Capparis,macrophylla,Kunth,,2.5,Hoja pequeña,,,
75,8,2005-08-15 00:00:00,748648,33427,1201,RC,5,2,3,6,,d,Moraceae,Naucleopsis,naga,Pittier,,1,,,,
76,8,2005-08-15 00:00:00,748648,33427,1201,RC,5,2,3,,"2,3,1",d,Bombacaceae,Quararibea,aff. asterolepis,Pittier,,1,,,,
77,8,2005-08-15 00:00:00,748648,33427,1201,RC,5,2,3,,"2,3,4",d,Dichapetalaceae,Stephanopodium,longipedicellatum,Prance,,1.7,,,,
78,8,2005-08-15 00:00:00,748648,33427,1201,RC,5,2,3,,"2,3,5",d,Melastomataceae,Conostegia,superba,D. Don ex Naudin,,1.7,,,,
79,9,2005-08-15 00:00:00,748661,34474,1226,RC,5,2,4,1,,a,Euphorbiaceae,Acalypha,aff. diversifolia,Jacq.,,1.5,,,,
80,9,2005-08-15 00:00:00,748661,34474,1226,RC,5,2,4,,"2,4,1",a,Euphorbiaceae,Acalypha,aff. diversifolia,Jacq.,,1.4,,,,
81,9,2005-08-15 00:00:00,748661,34474,1226,RC,5,2,4,2,,a,Melastomataceae,Conostegia,superba,D. Don ex Naudin,,1.8,Hoja pequeña,,,
82,9,2005-08-15 00:00:00,748661,34474,1226,RC,5,2,4,3,,a,Moraceae,Clarisia,biflora,Ruiz & Pav.,,0.5,,,,
83,9,2005-08-15 00:00:00,748661,34474,1226,RC,5,2,4,4,,a,Burseraceae,Dacryodes,cupularis,Cuatrec.,,0.8,,,,
84,9,2005-08-15 00:00:00,748661,34474,1226,RC,5,2,4,,"2,4,1",a,Euphorbiaceae,Acalypha,aff. diversifolia,Jacq.,,2,,,,
85,9,2005-08-15 00:00:00,748661,34474,1226,RC,5,2,4,5,,a,Urticaceae,sp.,,,,4,,,,
86,9,2005-08-15 00:00:00,748661,34474,1226,RC,5,2,4,,"2,4,2",b,Melastomataceae,Conostegia,superba,D. Don ex Naudin,,0.5,Hoja pequeña,,,
87,9,2005-08-15 00:00:00,748661,34474,1226,RC,5,2,4,,"2,4,2",b,Melastomataceae,Conostegia,superba,D. Don ex Naudin,,1.5,Hoja pequeña,,,
88,9,2005-08-15 00:00:00,748661,34474,1226,RC,5,2,4,,"2,4,1",b,Euphorbiaceae,Acalypha,aff. diversifolia,Jacq.,,1.6,,,,
89,9,2005-08-15 00:00:00,748661,34474,1226,RC,5,2,4,,"2,4,1",b,Euphorbiaceae,Acalypha,aff. diversifolia,Jacq.,,1.7,,,,
90,9,2005-08-15 00:00:00,748661,34474,1226,RC,5,2,4,6,,b,Lauraceae,Caryodaphnopsis,theobromifolia,(A.H. Gentry) van der Werff & H.G. Richt.,Caoba,1.4,,,,
91,9,2005-08-15 00:00:00,748661,34474,1226,RC,5,2,4,,"2,4,1",b,Euphorbiaceae,Acalypha,aff. diversifolia,Jacq.,,2.2,,,,
92,9,2005-08-15 00:00:00,748661,34474,1226,RC,5,2,4,,"2,4,6",b,Lauraceae,Caryodaphnopsis,theobromifolia,(A.H. Gentry) van der Werff & H.G. Richt.,Caoba,1.6,,,,
93,9,2005-08-15 00:00:00,748661,34474,1226,RC,5,2,4,7,,b,Tiliaceae,sp.,,,,2.5,,,,
94,9,2005-08-15 00:00:00,748661,34474,1226,RC,5,2,4,,"2,4,1",c,Euphorbiaceae,Acalypha,aff. diversifolia,Jacq.,,3,,,,
95,9,2005-08-15 00:00:00,748661,34474,1226,RC,5,2,4,8,,c,Burseraceae,Dacryodes,cupularis,Cuatrec.,Copal,1.2,,,,
96,9,2005-08-15 00:00:00,748661,34474,1226,RC,5,2,4,,"2,4,6",c,Lauraceae,Caryodaphnopsis,theobromifolia,(A.H. Gentry) van der Werff & H.G. Richt.,,1.7,,,,
97,9,2005-08-15 00:00:00,748661,34474,1226,RC,5,2,4,9,,c,Melastomataceae,Leandra,subseriata,(Naudin) Cogn.,,2.5,,,,
98,9,2005-08-15 00:00:00,748661,34474,1226,RC,5,2,4,,"2,4,1",c,Euphorbiaceae,Acalypha,aff. diversifolia,Jacq.,,2.5,,,,
99,9,2005-08-15 00:00:00,748661,34474,1226,RC,5,2,4,,"2,4,1",c,Euphorbiaceae,Acalypha,aff. diversifolia,Jacq.,,3,,,,
100,9,2005-08-15 00:00:00,748661,34474,1226,RC,5,2,4,,"2,4,1",c,Euphorbiaceae,Acalypha,aff. diversifolia,Jacq.,,1.4,,,,
101,9,2005-08-15 00:00:00,748661,34474,1226,RC,5,2,4,,"2,4,9",c,Melastomataceae,Leandra,subseriata,(Naudin) Cogn.,,0.5,,,,
102,9,2005-08-15 00:00:00,748661,34474,1226,RC,5,2,4,,"2,4,6",c,Lauraceae,Caryodaphnopsis,theobromifolia,(A.H. Gentry) van der Werff & H.G. Richt.,Caoba,0.7,,,,
103,9,2005-08-15 00:00:00,748661,34474,1226,RC,5,2,4,,"2,4,2",d,Melastomataceae,Conostegia,superba,D. Don ex Naudin,,3.5,Hoja pequeña,,,
104,9,2005-08-15 00:00:00,748661,34474,1226,RC,5,2,4,,"2,4,1",d,Euphorbiaceae,Acalypha,aff. diversifolia,Jacq.,,1.5,,,,
105,9,2005-08-15 00:00:00,748661,34474,1226,RC,5,2,4,,"2,4,6",d,Lauraceae,Caryodaphnopsis,theobromifolia,(A.H. Gentry) van der Werff & H.G. Richt.,,0.5,,,,
106,9,2005-08-15 00:00:00,748661,34474,1226,RC,5,2,4,10,,d,Myrtaceae,sp.,,,,0.5,,,,
107,9,2005-08-15 00:00:00,748661,34474,1226,RC,5,2,4,11,,d,Melastomataceae,Conostegia,superba,D. Don ex Naudin,,1.4,Hoja ancha,,,
108,9,2005-08-15 00:00:00,748661,34474,1226,RC,5,2,4,,"2,4,1",d,Euphorbiaceae,Acalypha,aff. diversifolia,Jacq.,,2,,,,
109,9,2005-08-15 00:00:00,748661,34474,1226,RC,5,2,4,,"2,4,1",d,Euphorbiaceae,Acalypha,aff. diversifolia,Jacq.,,0.5,,,,
110,9,2005-08-15 00:00:00,748661,34474,1226,RC,5,2,4,,"2,4,8",d,Burseraceae,Dacryodes,cupularis,Cuatrec.,,0.5,,,,
111,9,2005-08-15 00:00:00,748661,34474,1226,RC,5,2,4,12,,d,Rubiaceae,Palicourea,aff. chignul,C.M. Taylor,,1.2,,,,
112,29.1,2005-08-27 00:00:00,747415,33699,1339,RG,5,10,1,1,,a,Melastomataceae,Conostegia,superba,D. Don ex Naudin,,1.7,Hoja pequeña,,,
113,29.1,2005-08-27 00:00:00,747415,33699,1339,RG,5,10,1,,"10,1,1",a,Melastomataceae,Conostegia,superba,D. Don ex Naudin,,1.2,Hoja pequeña,,,
114,29.1,2005-08-27 00:00:00,747415,33699,1339,RG,5,10,1,,"10,1,1",a,Melastomataceae,Conostegia,superba,D. Don ex Naudin,,0.5,Hoja pequeña,,,
115,29.1,2005-08-27 00:00:00,747415,33699,1339,RG,5,10,1,2,,a,Meliaceae,Trichilia,sp. 1,,,1,,,,
116,29.1,2005-08-27 00:00:00,747415,33699,1339,RG,5,10,1,,"10,1,1",b,Melastomataceae,Conostegia,superba,D. Don ex Naudin,,1.7,Hoja pequeña,,,
117,29.1,2005-08-27 00:00:00,747415,33699,1339,RG,5,10,1,,"10,1,1",b,Melastomataceae,Conostegia,superba,D. Don ex Naudin,,0.8,Hoja pequeña,,,
118,29.1,2005-08-27 00:00:00,747415,33699,1339,RG,5,10,1,,"10,1,1",b,Melastomataceae,Conostegia,superba,D. Don ex Naudin,,4.5,Hoja pequeña,,,
119,29.1,2005-08-27 00:00:00,747415,33699,1339,RG,5,10,1,,"10,1,1",b,Melastomataceae,Conostegia,superba,D. Don ex Naudin,,0.6,Hoja pequeña,,,
120,29.1,2005-08-27 00:00:00,747415,33699,1339,RG,5,10,1,3,,b,Lauraceae,Caryodaphnopsis,theobromifolia,(A.H. Gentry) van der Werff & H.G. Richt.,,4.5,,,,
121,29.1,2005-08-27 00:00:00,747415,33699,1339,RG,5,10,1,,"10,1,1",c,Melastomataceae,Conostegia,superba,D. Don ex Naudin,,1,Hoja pequeña,,,
122,29.1,2005-08-27 00:00:00,747415,33699,1339,RG,5,10,1,,"10,1,1",c,Melastomataceae,Conostegia,superba,D. Don ex Naudin,,1.2,Hoja pequeña,,,
123,29.1,2005-08-27 00:00:00,747415,33699,1339,RG,5,10,1,,"10,1,1",c,Melastomataceae,Conostegia,superba,D. Don ex Naudin,,1,Hoja pequeña,,,
124,29.1,2005-08-27 00:00:00,747415,33699,1339,RG,5,10,1,4,,c,Myrtaceae ,Eugenia,sp.,,,4,"Hojas opuestas, largas y pubescentes",,,
125,29.1,2005-08-27 00:00:00,747415,33699,1339,RG,5,10,1,,"10,1,4",c,Myrtaceae ,Eugenia,sp.,,,1.8,"Hojas opuestas, largas y pubescentes",,,
126,29.1,2005-08-27 00:00:00,747415,33699,1339,RG,5,10,1,5,,d,Lauraceae,Ocotea,cernua,(Nees) Mez,,1.1,,,,
127,29.1,2005-08-27 00:00:00,747415,33699,1339,RG,5,10,1,,"10,1,2",d,Meliaceae,Trichilia,sp. 1,,,1,,,,
128,29.1,2005-08-27 00:00:00,747415,33699,1339,RG,5,10,1,6,,d,Rubiaceae,Psychotria,flaviflora,(K. Krause) C.M. Taylor,,1.3,Hoja ancha,,,
129,29.1,2005-08-27 00:00:00,747415,33699,1339,RG,5,10,1,,"10,1,6",d,Rubiaceae,Psychotria,flaviflora,(K. Krause) C.M. Taylor,,1.1,Hoja ancha,,,
130,29.1,2005-08-29 00:00:00,747413,33728,1367,RG,5,10,2,1,,a,Lauraceae,Ocotea,cernua,(Nees) Mez,,1,,,,
131,29.1,2005-08-29 00:00:00,747413,33728,1367,RG,5,10,2,,"10,2,1",a,Lauraceae,Ocotea,cernua,(Nees) Mez,,0.5,,,,
132,29.1,2005-08-29 00:00:00,747413,33728,1367,RG,5,10,2,2,,a,Thymelaeaceae,Shoenobiblus,cf. daphnoides,Mart. & Zucc.,,0.6,,,,
133,29.1,2005-08-29 00:00:00,747413,33728,1367,RG,5,10,2,3,,a,Rubiaceae,Elaeagia,karstenii,Standl.,,0.8,,,,
134,29.1,2005-08-29 00:00:00,747413,33728,1367,RG,5,10,2,4,,b,Melastomataceae,Conostegia,superba,D. Don ex Naudin,,2,,,,
135,29.1,2005-08-29 00:00:00,747413,33728,1367,RG,5,10,2,,"10,2,3",b,Rubiaceae,Elaeagia,karstenii,Standl.,,2.5,,,,
136,29.1,2005-08-29 00:00:00,747413,33728,1367,RG,5,10,2,5,,b,Indeterminada,sp. 5,,,,4.5,,,,
137,29.1,2005-08-29 00:00:00,747413,33728,1367,RG,5,10,2,6,,b,Lauraceae,Ocotea,cernua,(Nees) Mez,,2,Hojas pequeñas,,,
138,29.1,2005-08-29 00:00:00,747413,33728,1367,RG,5,10,2,7,,c,Lecythidaceae ,Eschweilera,rimbachii,Standl.,,1.65,Hoja ancha,,,
139,29.1,2005-08-29 00:00:00,747413,33728,1367,RG,5,10,2,,"10,2,7",c,Lecythidaceae ,Eschweilera,rimbachii,Standl.,,1.3,Hoja ancha,,,
140,29.1,2005-08-29 00:00:00,747413,33728,1367,RG,5,10,2,,"10,2,7",c,Lecythidaceae ,Eschweilera,rimbachii,Standl.,,2,Hoja ancha,,,
141,29.1,2005-08-29 00:00:00,747413,33728,1367,RG,5,10,2,,"10,2,7",c,Lecythidaceae ,Eschweilera,rimbachii,Standl.,,1.9,Hoja ancha,,,
142,29.1,2005-08-29 00:00:00,747413,33728,1367,RG,5,10,2,,"10,2,7",c,Lecythidaceae ,Eschweilera,rimbachii,Standl.,,2,Hoja ancha,,,
143,29.1,2005-08-29 00:00:00,747413,33728,1367,RG,5,10,2,,"10,2,7",c,Lecythidaceae ,Eschweilera,rimbachii,Standl.,,1.4,Hoja ancha,,,
144,29.1,2005-08-29 00:00:00,747413,33728,1367,RG,5,10,2,8,,c,Burseraceae,sp.,,,,0.5,,,,
145,29.1,2005-08-29 00:00:00,747413,33728,1367,RG,5,10,2,,"10,2,7",d,Lecythidaceae ,Eschweilera,rimbachii,Standl.,,0.5,Hoja ancha,,,
146,29.1,2005-08-29 00:00:00,747413,33728,1367,RG,5,10,2,,"10,2,7",d,Lecythidaceae ,Eschweilera,rimbachii,Standl.,,1.2,Hoja ancha,,,
147,29.1,2005-08-29 00:00:00,747413,33728,1367,RG,5,10,2,,"10,2,7",d,Lecythidaceae ,Eschweilera,rimbachii,Standl.,,1.7,Hoja ancha,,,
148,29.1,2005-08-29 00:00:00,747413,33728,1367,RG,5,10,2,9,,d,Sapindaceae,Allophyllus,floribundus,(Poepp.) Radlk.,,3,Hoja ancha,,,
149,29.1,2005-08-29 00:00:00,747413,33728,1367,RG,5,10,2,10,,d,Burseraceae,Dacryodes,cupularis,Cuatrec.,,0.6,,,,
150,29.1,2005-08-29 00:00:00,747413,33728,1367,RG,5,10,2,,"10,2,1",a,Lauraceae,Ocotea,cernua,(Nees) Mez,,0.7,,,,
151,29.1,2005-08-29 00:00:00,747413,33728,1367,RG,5,10,2,,"10,2,1",a,Lauraceae,Ocotea,cernua,(Nees) Mez,,1,,,,
152,29.1,2005-08-29 00:00:00,747413,33728,1367,RG,5,10,2,,"10,2,5",b,Indeterminada,sp. 5,,,,4,,,,
153,29.1,2005-08-29 00:00:00,747413,33728,1367,RG,5,10,2,,"10,2,5",b,Indeterminada,sp. 5,,,,2.5,,,,
154,29.1,2005-08-29 00:00:00,747413,33728,1367,RG,5,10,2,11,,b,Meliaceae,sp. 1,,,,3,,,,
155,33,2005-08-29 00:00:00,747189,33612,1324,RG,5,10,3,1,,a,Arecaceae,Chamaedorea,pinnatifrons,(Jack) Oerst.,,3,,,,
156,33,2005-08-29 00:00:00,747189,33612,1324,RG,5,10,3,2,,a,Cyatheaceae,Alsophila,erinacea,(H. Karst.) D.S. Conant,,1.2,Hojas anchas,,,
157,33,2005-08-29 00:00:00,747189,33612,1324,RG,5,10,3,,"10,3,2",a,Cyatheaceae,Alsophila,erinacea,(H. Karst.) D.S. Conant,,1,Hojas anchas,,,
158,33,2005-08-29 00:00:00,747189,33612,1324,RG,5,10,3,3,,a,Lauraceae,Caryodaphnopsis,theobromifolia,(A.H. Gentry) van der Werff & H.G. Richt.,,0.5,,,,
159,33,2005-08-29 00:00:00,747189,33612,1324,RG,5,10,3,4,,a,Gesneriaceae,sp.,,,,3,,,,
160,33,2005-08-29 00:00:00,747189,33612,1324,RG,5,10,3,5,,a,Burseraceae,Protium,ecuadorense,Benoist,,2,,,,
161,33,2005-08-29 00:00:00,747189,33612,1324,RG,5,10,3,6,,b,Indeterminada,sp. 6,,,,1,,,,
162,33,2005-08-29 00:00:00,747189,33612,1324,RG,5,10,3,7,,b,Urticaceae,Urera,aff. caracasana,(Jacq.) Griseb.,,3.2,Hoja pequeña,,,
163,33,2005-08-29 00:00:00,747189,33612,1324,RG,5,10,3,8,,b,Rubiaceae,Faramea,oblongifolia,Standl.,,1,,,,
164,33,2005-08-29 00:00:00,747189,33612,1324,RG,5,10,3,9,,b,Rubiaceae,Faramea,oblongifolia,Standl.,,1.8,,,,
165,33,2005-08-29 00:00:00,747189,33612,1324,RG,5,10,3,10,,c,Rubiaceae,Psychotria,paeonia,C.M. Taylor,,1.7,,,,
166,33,2005-08-29 00:00:00,747189,33612,1324,RG,5,10,3,,"10,3,10",c,Rubiaceae,Psychotria,paeonia,C.M. Taylor,,1.8,,,,
167,33,2005-08-29 00:00:00,747189,33612,1324,RG,5,10,3,,"10,3,10",c,Rubiaceae,Psychotria,paeonia,C.M. Taylor,,1.6,,,,
168,33,2005-08-29 00:00:00,747189,33612,1324,RG,5,10,3,11,,c,Tiliaceae,sp.,,,,1,,,,
169,33,2005-08-29 00:00:00,747189,33612,1324,RG,5,10,3,12,,c,Arecaceae,Chamaedorea,pinnatifrons,(Jack) Oerst.,,2.2,,,,
170,33,2005-08-29 00:00:00,747189,33612,1324,RG,5,10,3,,"10,3,7",d,Urticaceae,Urera,aff. caracasana,(Jacq.) Griseb.,,4.5,Hoja pequeña,,,
171,33,2005-08-29 00:00:00,747189,33612,1324,RG,5,10,3,,"10,3,10",d,Rubiaceae,Psychotria,paeonia,C.M. Taylor,,2.5,,,,
172,33,2005-08-29 00:00:00,747189,33612,1324,RG,5,10,3,,"10,3,4",d,Gesneriaceae,sp.,,,,0.5,,,,
173,"34, 1",2005-08-28 00:00:00,747203,33644,1335,RG,5,10,4,1,,a,Rubiaceae,Faramea,oblongifolia,Standl.,,5,,,,
174,"34, 1",2005-08-28 00:00:00,747203,33644,1335,RG,5,10,4,,"10,4,1",a,Rubiaceae,Faramea,oblongifolia,Standl.,,4.5,,,,
175,"34, 1",2005-08-28 00:00:00,747203,33644,1335,RG,5,10,4,2,,a,Thymelaeaceae,Shoenobiblus,cf. daphnoides,Mart. & Zucc.,,4.3,Hojas blancas,,,
176,"34, 1",2005-08-28 00:00:00,747203,33644,1335,RG,5,10,4,3,,a,Rubiaceae,Psychotria,gentryi,(Dwyer) C.M. Taylor,,1.9,,,,
177,"34, 1",2005-08-28 00:00:00,747203,33644,1335,RG,5,10,4,4,,b,Burseraceae,Protium,ecuadorense,Benoist,,1,,,,
178,"34, 1",2005-08-28 00:00:00,747203,33644,1335,RG,5,10,4,5,,b,Solanaceae,Solanum,lepidotum,Dunal,,3,,,,
179,"34, 1",2005-08-28 00:00:00,747203,33644,1335,RG,5,10,4,,"10,4,2",b,Thymelaeaceae,Shoenobiblus,cf. daphnoides,Mart. & Zucc.,,4,Hojas blancas,,,
180,"34, 1",2005-08-28 00:00:00,747203,33644,1335,RG,5,10,4,6,,b,Moraceae,Clarisia,biflora,Ruiz & Pav.,,2.5,,,,
181,"34, 1",2005-08-28 00:00:00,747203,33644,1335,RG,5,10,4,,"10,4,5",c,Solanaceae,Solanum,lepidotum,Dunal,,4.5,,,,
182,"34, 1",2005-08-28 00:00:00,747203,33644,1335,RG,5,10,4,7,,c,Lauraceae,Persea,pseudofasciculata,Kopp,,0.5,,,,
183,"34, 1",2005-08-28 00:00:00,747203,33644,1335,RG,5,10,4,8,,c,Lauraceae,Caryodaphnopsis,theobromifolia,(A.H. Gentry) van der Werff & H.G. Richt.,,1.4,,,,
184,"34, 1",2005-08-28 00:00:00,747203,33644,1335,RG,5,10,4,9,,c,Melastomataceae,Meriania,finicola,Wurdack,,3,Hoja ancha,,,
185,"34, 1",2005-08-28 00:00:00,747203,33644,1335,RG,5,10,4,10,,d,Fab-Mimosoideae,Inga,oerstediana,Benth. ex. Seem.,,3.5,,,,
186,"34, 1",2005-08-28 00:00:00,747203,33644,1335,RG,5,10,4,,"10,4,1",d,Rubiaceae,Faramea,oblongifolia,Standl.,,1.7,,,,
187,"34, 1",2005-08-28 00:00:00,747203,33644,1335,RG,5,10,4,,"10,4,7",d,Lauraceae,Persea,pseudofasciculata,Kopp,,1.2,,,,
188,10,2005-08-16 00:00:00,746650,34309,1430,RG,6,3,1,1,,a,Moraceae,Ficus,maxima,Mill.,,1.6,,,,
189,10,2005-08-16 00:00:00,746650,34309,1430,RG,6,3,1,2,,a,Sapindaceae,Allophyllus,floribundus,(Poepp.) Radlk.,,1.5,,,,
190,10,2005-08-16 00:00:00,746650,34309,1430,RG,6,3,1,3,,a,Fab-Mimosoideae,Inga,aff. lallensis,Spruce ex Benth.,,1.8,,,,
191,10,2005-08-16 00:00:00,746650,34309,1430,RG,6,3,1,4,,a,Fab-Mimosoideae,Inga,aff. lallensis,Spruce ex Benth.,,0.5,,,,
192,10,2005-08-16 00:00:00,746650,34309,1430,RG,6,3,1,5,,a,Rubiaceae,Rondeletia,reflexa,Benth.,,1,,,,
193,10,2005-08-16 00:00:00,746650,34309,1430,RG,6,3,1,6,,b,Lauraceae,sp. 2,,,,1,,,,
194,10,2005-08-16 00:00:00,746650,34309,1430,RG,6,3,1,7,,b,Moraceae,Ficus,maxima,Mill.,,5,Igual 124d,,,
195,10,2005-08-16 00:00:00,746650,34309,1430,RG,6,3,1,,"3,1,2",c,Sapindaceae,Allophyllus,floribundus,(Poepp.) Radlk.,,1,,,,
196,10,2005-08-16 00:00:00,746650,34309,1430,RG,6,3,1,,"3,1,2",c,Sapindaceae,Allophyllus,floribundus,(Poepp.) Radlk.,,0.5,,,,
197,10,2005-08-16 00:00:00,746650,34309,1430,RG,6,3,1,,"3,1,2",c,Sapindaceae,Allophyllus,floribundus,(Poepp.) Radlk.,,1.2,,,,
198,10,2005-08-16 00:00:00,746650,34309,1430,RG,6,3,1,,"3,1,6",c,Lauraceae,sp. 2,,,,0.7,,,,
199,10,2005-08-16 00:00:00,746650,34309,1430,RG,6,3,1,,"3,1,5",c,Rubiaceae,Rondeletia,reflexa,Benth.,,1.6,,,,
200,10,2005-08-16 00:00:00,746650,34309,1430,RG,6,3,1,8,,d,Urticaceae,Phenax,aff. rugosus,(Poir.) Wedd.,,2.5,,,,
201,10,2005-08-16 00:00:00,746650,34309,1430,RG,6,3,1,,"3,1,5",d,Rubiaceae,Rondeletia,reflexa,Benth.,,1.7,,,,
202,10,2005-08-16 00:00:00,746650,34309,1430,RG,6,3,1,9,,d,Euphorbiaceae,Sapium,stylare,Müll. Arg.,,1.5,,,,
203,10,2005-08-16 00:00:00,746650,34309,1430,RG,6,3,1,,"3,1,9",d,Euphorbiaceae,Sapium,stylare,Müll. Arg.,,1.6,,,,
204,10,2005-08-16 00:00:00,746650,34309,1430,RG,6,3,1,,"3,1,7",d,Moraceae,Ficus,maxima,Mill.,,2,,,,
205,10,2005-08-16 00:00:00,746650,34309,1430,RG,6,3,1,10,,d,Sapindaceae,Paullinia,capreolata,(Aubl.) Radlk.,,1,,,,
206,11,2005-08-16 00:00:00,746696,34354,1442,RG,6,3,2,1,,a,Melastomataceae,Conostegia,superba,D. Don ex Naudin,,1.5,Hoja pequeña,,,
207,11,2005-08-16 00:00:00,746696,34354,1442,RG,6,3,2,,"3,2,1",a,Melastomataceae,Conostegia,superba,D. Don ex Naudin,,0.5,Hoja pequeña,,,
208,11,2005-08-16 00:00:00,746696,34354,1442,RG,6,3,2,,"3,2,1",b,Melastomataceae,Conostegia,superba,D. Don ex Naudin,,1.6,Hoja pequeña,,,
209,11,2005-08-16 00:00:00,746696,34354,1442,RG,6,3,2,2,,b,Myrsinaceae,Weigeltia,cf. goudotiana,Mez,,0.5,,,,
210,11,2005-08-16 00:00:00,746696,34354,1442,RG,6,3,2,3,,b,Lecythidaceae ,Eschweilera,rimbachii,Standl.,,3.5,,,,
211,11,2005-08-16 00:00:00,746696,34354,1442,RG,6,3,2,4,,b,Rubiaceae,Psychotria,flaviflora,(K. Krause) C.M. Taylor,,0.5,envés hoja blanca,,,
212,11,2005-08-16 00:00:00,746696,34354,1442,RG,6,3,2,5,,b,Rubiaceae,Psychotria,flaviflora,(K. Krause) C.M. Taylor,,3.5,,,,
213,11,2005-08-16 00:00:00,746696,34354,1442,RG,6,3,2,,"3,2,4",b,Rubiaceae,Psychotria,flaviflora,(K. Krause) C.M. Taylor,,2.5,envés hoja blanca,,,
214,11,2005-08-16 00:00:00,746696,34354,1442,RG,6,3,2,6,,b,Clusiaceae,Chrysochlamys,dependens,Planch. & Triana,,0.5,,,,
215,11,2005-08-16 00:00:00,746696,34354,1442,RG,6,3,2,,"3,2,5",b,Rubiaceae,Psychotria,flaviflora,(K. Krause) C.M. Taylor,,3.5,,,,
216,11,2005-08-16 00:00:00,746696,34354,1442,RG,6,3,2,,"3,2,1",b,Melastomataceae,Conostegia,superba,D. Don ex Naudin,,2,Hoja pequeña,,,
217,11,2005-08-16 00:00:00,746696,34354,1442,RG,6,3,2,7,,b,Melastomataceae,Conostegia,superba,D. Don ex Naudin,,5,,,,
218,11,2005-08-16 00:00:00,746696,34354,1442,RG,6,3,2,,"3,2,1",c,Melastomataceae,Conostegia,superba,D. Don ex Naudin,,0.5,Hoja pequeña,,,
219,11,2005-08-16 00:00:00,746696,34354,1442,RG,6,3,2,,"3,2,2",c,Myrsinaceae,Weigeltia,cf. goudotiana,Mez,,1.8,,,,
220,11,2005-08-16 00:00:00,746696,34354,1442,RG,6,3,2,,"3,2,5",c,Rubiaceae,Psychotria,flaviflora,(K. Krause) C.M. Taylor,,0.5,,,,
221,11,2005-08-16 00:00:00,746696,34354,1442,RG,6,3,2,8,,c,Lauraceae,sp. 2,,,,1.1,,,,
222,11,2005-08-16 00:00:00,746696,34354,1442,RG,6,3,2,,"3,2,3",d,Lecythidaceae ,Eschweilera,rimbachii,Standl.,,2,,,,
223,11,2005-08-16 00:00:00,746696,34354,1442,RG,6,3,2,,"3,2,5",d,Rubiaceae,Psychotria,flaviflora,(K. Krause) C.M. Taylor,,1.7,,,,
224,11,2005-08-16 00:00:00,746696,34354,1442,RG,6,3,2,,"3,2,5",d,Rubiaceae,Psychotria,flaviflora,(K. Krause) C.M. Taylor,,1,,,,
225,11,2005-08-16 00:00:00,746696,34354,1442,RG,6,3,2,9,,d,Myristicaceae,Otoba,gordoniifolia,(A. DC.) A.H. Gentry,,0.7,,,,
226,11,2005-08-16 00:00:00,746696,34354,1442,RG,6,3,2,,"3,2,5",d,Rubiaceae,Psychotria,flaviflora,(K. Krause) C.M. Taylor,,2.3,,,,
227,12,2005-08-17 00:00:00,746842,34367,1438,RG,6,3,3,1,,a,Asteraceae,Neurolaena,cf. lobata,(L.) R.Br. ex Cass.,,1,,,,
228,12,2005-08-17 00:00:00,746842,34367,1438,RG,6,3,3,2,,a,Verbenaceae,Aegiphila ,alba,Moldenke,,3,,,,
229,12,2005-08-17 00:00:00,746842,34367,1438,RG,6,3,3,3,,a,Rubiaceae,Psychotria,flaviflora,(K. Krause) C.M. Taylor,,5,,,,
230,12,2005-08-17 00:00:00,746842,34367,1438,RG,6,3,3,4,,a,Melastomataceae,Leandra,subseriata,(Naudin) Cogn.,,0.6,envés hoja blanco,,,
231,12,2005-08-17 00:00:00,746842,34367,1438,RG,6,3,3,,"3,3,3",b,Rubiaceae,Psychotria,flaviflora,(K. Krause) C.M. Taylor,,4,,,,
232,12,2005-08-17 00:00:00,746842,34367,1438,RG,6,3,3,,"3,3,3",b,Rubiaceae,Psychotria,flaviflora,(K. Krause) C.M. Taylor,,0.6,,,,
233,12,2005-08-17 00:00:00,746842,34367,1438,RG,6,3,3,,"3,3,4",c,Melastomataceae,Leandra,subseriata,(Naudin) Cogn.,,0.5,envés hoja blanco,,,
234,12,2005-08-17 00:00:00,746842,34367,1438,RG,6,3,3,5,,c,Siparumaceae,Siparuna,sp.,,,1,,,,
235,12,2005-08-17 00:00:00,746842,34367,1438,RG,6,3,3,,"3,3,5",c,Siparumaceae,Siparuna,sp.,,,0.5,,,,
236,12,2005-08-17 00:00:00,746842,34367,1438,RG,6,3,3,,"3,3,3",c,Rubiaceae,Psychotria,flaviflora,(K. Krause) C.M. Taylor,,1.7,,,,
237,12,2005-08-17 00:00:00,746842,34367,1438,RG,6,3,3,,"3,3,3",c,Rubiaceae,Psychotria,flaviflora,(K. Krause) C.M. Taylor,,2,,,,
238,12,2005-08-17 00:00:00,746842,34367,1438,RG,6,3,3,6,,c,Lauraceae,Persea,pseudofasciculata,Kopp,,2,Hoja grande,,,
239,12,2005-08-17 00:00:00,746842,34367,1438,RG,6,3,3,7,,c,Lauraceae,sp. 2,,,,3,Hoja roja,,,
240,12,2005-08-17 00:00:00,746842,34367,1438,RG,6,3,3,8,,c,Melastomataceae,Conostegia,superba,D. Don ex Naudin,,1.5,Hoja simple,,,
241,12,2005-08-17 00:00:00,746842,34367,1438,RG,6,3,3,,"3,3,4",d,Melastomataceae,Leandra,subseriata,(Naudin) Cogn.,,0.5,,,,
242,12,2005-08-17 00:00:00,746842,34367,1438,RG,6,3,3,,"3,3,3",d,Rubiaceae,Psychotria,flaviflora,(K. Krause) C.M. Taylor,,1.5,,,,
243,12,2005-08-17 00:00:00,746842,34367,1438,RG,6,3,3,,"3,3,2",d,Verbenaceae,Aegiphila ,alba,Moldenke,,1.2,,,,
244,12,2005-08-17 00:00:00,746842,34367,1438,RG,6,3,3,9,,d,Melastomataceae,Leandra,subseriata,(Naudin) Cogn.,,2,,,,
245,12,2005-08-17 00:00:00,746842,34367,1438,RG,6,3,3,10,,d,Clusiaceae,Chrysochlamys,dependens,Planch. & Triana,,0.7,,,,
246,13,2005-08-17 00:00:00,746884,34299,1450,RG,6,3,4,1,,a,Burseraceae,Protium,ecuadorense,Benoist,,1.6,,,,
247,13,2005-08-17 00:00:00,746884,34299,1450,RG,6,3,4,2,,a,Lecythidaceae ,Eschweilera,integrifolia,(Ruiz & Pav. ex Miers) R. Knuth,,0.5,,,,
248,13,2005-08-17 00:00:00,746884,34299,1450,RG,6,3,4,3,,a,Fab-Mimosoideae,Inga,villosissima,Benth.,,1.7,Hoja pequeña,,,
249,13,2005-08-17 00:00:00,746884,34299,1450,RG,6,3,4,,"3,4,3",a,Fab-Mimosoideae,Inga,villosissima,Benth.,,5,Hoja pequeña,,,
250,13,2005-08-17 00:00:00,746884,34299,1450,RG,6,3,4,4,,b,Thymelaeaceae,Shoenobiblus,cf. daphnoides,Mart. & Zucc.,,2,,,,
251,13,2005-08-17 00:00:00,746884,34299,1450,RG,6,3,4,5,,b,Rubiaceae,Palicourea,cf. stipularis,Benth.,,5,,,,
252,13,2005-08-17 00:00:00,746884,34299,1450,RG,6,3,4,,"3,4,1",b,Burseraceae,Protium,ecuadorense,Benoist,,5,,,,
253,13,2005-08-17 00:00:00,746884,34299,1450,RG,6,3,4,,"3,4,1",b,Burseraceae,Protium,ecuadorense,Benoist,,1.3,,,,
254,13,2005-08-17 00:00:00,746884,34299,1450,RG,6,3,4,,"3,4,3",b,Fab-Mimosoideae,Inga,villosissima,Benth.,,2.2,Hoja pequeña,,,
255,13,2005-08-17 00:00:00,746884,34299,1450,RG,6,3,4,,"3,4,3",b,Fab-Mimosoideae,Inga,villosissima,Benth.,,0.5,Hoja pequeña,,,
256,13,2005-08-17 00:00:00,746884,34299,1450,RG,6,3,4,6,,b,Myristicaceae,Otoba,gordoniifolia,(A. DC.) A.H. Gentry,,1.5,,,,
257,13,2005-08-17 00:00:00,746884,34299,1450,RG,6,3,4,,"3,4,6",d,Myristicaceae,Otoba,gordoniifolia,(A. DC.) A.H. Gentry,,2,,,,
258,13,2005-08-17 00:00:00,746884,34299,1450,RG,6,3,4,,"3,4,6",d,Myristicaceae,Otoba,gordoniifolia,(A. DC.) A.H. Gentry,,1.5,,,,
259,18,2005-08-22 00:00:00,746869,35203,1673,RG,2,5,1,1,,a,Bombacaceae,Matisia,aff. bolivarii,Cuatrec.,,1.5,,,,
260,18,2005-08-22 00:00:00,746869,35203,1673,RG,2,5,1,,"5,1,1",a,Bombacaceae,Matisia,aff. bolivarii,Cuatrec.,,3.5,,,,
261,18,2005-08-22 00:00:00,746869,35203,1673,RG,2,5,1,2,,a,Rubiaceae,Agouticarpa,grandistipula ,C. Person,,1,,,,
262,18,2005-08-22 00:00:00,746869,35203,1673,RG,2,5,1,3,,a,Sapindaceae,Talisia,cf. nervosa,Raldk.,,3.2,,,,
263,18,2005-08-22 00:00:00,746869,35203,1673,RG,2,5,1,4,,a,Rubiaceae,Psychotria,flaviflora,(K. Krause) C.M. Taylor,,2.5,,,,
264,18,2005-08-22 00:00:00,746869,35203,1673,RG,2,5,1,5,,b,Arecaceae,Aiphanes,erinaceae,(H. Karst.) H. Wendl.,,1.2,,,,
265,18,2005-08-22 00:00:00,746869,35203,1673,RG,2,5,1,,"5,1,5",b,Arecaceae,Aiphanes,erinaceae,(H. Karst.) H. Wendl.,,1.2,,,,
266,18,2005-08-22 00:00:00,746869,35203,1673,RG,2,5,1,6,,b,Lecythidaceae ,Eschweilera,integrifolia,(Ruiz & Pav. ex Miers) R. Knuth,,1,,,,
267,18,2005-08-22 00:00:00,746869,35203,1673,RG,2,5,1,7,,c,Siparumaceae,Siparuna,salviodes,Perkins,,2,Parecido a Annonaceae. Peciola abultado. Envés crema,,,
268,18,2005-08-22 00:00:00,746869,35203,1673,RG,2,5,1,8,,d,Chrysobalanaceae,Licania,durifolia,Cuatrec.,,1.5,,,,
269,18,2005-08-22 00:00:00,746869,35203,1673,RG,2,5,1,9,,d,Araliaceae,Dendropanax,aff. macrophyllum,Cuatrec.,,1.5,,,,
270,18,2005-08-22 00:00:00,746869,35203,1673,RG,2,5,1,10,,d,Solanaceae,Cestrum ,megalophyllum,Dunal,,1,,,,
271,18,2005-08-22 00:00:00,746869,35203,1673,RG,2,5,1,,"5,1,6",d,Lecythidaceae ,Eschweilera,integrifolia,(Ruiz & Pav. ex Miers) R. Knuth,,1.5,,,,
272,18,2005-08-22 00:00:00,746869,35203,1673,RG,2,5,1,,"5,1,6",d,Lecythidaceae ,Eschweilera,integrifolia,(Ruiz & Pav. ex Miers) R. Knuth,,2,,,,
273,18,2005-08-22 00:00:00,746869,35203,1673,RG,2,5,1,11,,d,Fab-Mimosoideae,Inga,villosissima,Benth.,,1.2,,,,
274,20,2005-08-23 00:00:00,746918,35205,1714,RG,2,5,2,1,,a,Euphorbiaceae,Alchornea,cf. leptogyna,Diels,,5,,,,
275,20,2005-08-23 00:00:00,746918,35205,1714,RG,2,5,2,2,,b,Rubiaceae,Psychotria,flaviflora,(K. Krause) C.M. Taylor,,1.1,,,,
276,20,2005-08-23 00:00:00,746918,35205,1714,RG,2,5,2,,"5,2,2",b,Rubiaceae,Psychotria,flaviflora,(K. Krause) C.M. Taylor,,1.5,,,,
277,20,2005-08-23 00:00:00,746918,35205,1714,RG,2,5,2,,"5,2,2",b,Rubiaceae,Psychotria,flaviflora,(K. Krause) C.M. Taylor,,1.4,,,,
278,20,2005-08-23 00:00:00,746918,35205,1714,RG,2,5,2,,"5,2,2",b,Rubiaceae,Psychotria,flaviflora,(K. Krause) C.M. Taylor,,1.5,,,,
279,20,2005-08-23 00:00:00,746918,35205,1714,RG,2,5,2,3,,b,Melastomataceae,Meriania,finicola,Wurdack,,1.6,Hoja ancha,,,
280,20,2005-08-23 00:00:00,746918,35205,1714,RG,2,5,2,,"5,2,3",b,Melastomataceae,Meriania,finicola,Wurdack,,0.7,Hoja ancha,,,
281,20,2005-08-23 00:00:00,746918,35205,1714,RG,2,5,2,,"5,2,3",b,Melastomataceae,Meriania,finicola,Wurdack,,0.6,Hoja ancha,,,
282,20,2005-08-23 00:00:00,746918,35205,1714,RG,2,5,2,,"5,2,3",b,Melastomataceae,Meriania,finicola,Wurdack,,0.9,Hoja ancha,,,
283,20,2005-08-23 00:00:00,746918,35205,1714,RG,2,5,2,,"5,2,3",b,Melastomataceae,Meriania,finicola,Wurdack,,2.5,Hoja ancha,,,
284,20,2005-08-23 00:00:00,746918,35205,1714,RG,2,5,2,,"5,2,2",c,Rubiaceae,Psychotria,flaviflora,(K. Krause) C.M. Taylor,,1.7,,,,
285,20,2005-08-23 00:00:00,746918,35205,1714,RG,2,5,2,,"5,2,2",d,Rubiaceae,Psychotria,flaviflora,(K. Krause) C.M. Taylor,,2.5,,,,
286,20,2005-08-23 00:00:00,746918,35205,1714,RG,2,5,2,4,,d,Flacourtiaceae,Casearia,cajambrensis,Cuatrec.,,3,,,,
287,20,2005-08-23 00:00:00,746918,35205,1714,RG,2,5,2,,"5,2,2",d,Rubiaceae,Psychotria,flaviflora,(K. Krause) C.M. Taylor,,0.5,,,,
288,20,2005-08-23 00:00:00,746918,35205,1714,RG,2,5,2,,"5,2,2",d,Rubiaceae,Psychotria,flaviflora,(K. Krause) C.M. Taylor,,0.6,,,,
289,21,2005-08-23 00:00:00,746909,35244,1706,RG,2,5,3,1,,a,Lauraceae,Nectandra,aff. parviflora,Rohwer,,4,,,,
290,21,2005-08-23 00:00:00,746909,35244,1706,RG,2,5,3,2,,a,Bombacaceae,Matisia,aff. bolivarii,Cuatrec.,,3.5,,,,
291,21,2005-08-23 00:00:00,746909,35244,1706,RG,2,5,3,3,,a,Lauraceae,Ocotea ,aff. insularis,(Meisn.) Mez,,2.5,,,,
292,21,2005-08-23 00:00:00,746909,35244,1706,RG,2,5,3,,"5,3,2",a,Bombacaceae,Matisia,aff. bolivarii,Cuatrec.,,4,,,,
293,21,2005-08-23 00:00:00,746909,35244,1706,RG,2,5,3,4,,a,Lauraceae,Persea,pseudofasciculata,Kopp,,0.8,,,,
294,21,2005-08-23 00:00:00,746909,35244,1706,RG,2,5,3,,"5,3,4",b,Lauraceae,Persea,pseudofasciculata,Kopp,,1.2,,,,
295,21,2005-08-23 00:00:00,746909,35244,1706,RG,2,5,3,5,,b,Rubiaceae,Psychotria,flaviflora,(K. Krause) C.M. Taylor,,1.4,,,,
296,21,2005-08-23 00:00:00,746909,35244,1706,RG,2,5,3,6,,b,Lecythidaceae ,Eschweilera,integrifolia,(Ruiz & Pav. ex Miers) R. Knuth,,1,,Hoja envés blanco,,
297,21,2005-08-23 00:00:00,746909,35244,1706,RG,2,5,3,,"5,3,2",c,Bombacaceae,Matisia,aff. bolivarii,Cuatrec.,,3.5,,,,
298,21,2005-08-23 00:00:00,746909,35244,1706,RG,2,5,3,,"5,3,5",c,Rubiaceae,Psychotria,flaviflora,(K. Krause) C.M. Taylor,,4,,,,
299,21,2005-08-23 00:00:00,746909,35244,1706,RG,2,5,3,7,,c,Violaceae,Gloeospermum,longifolium,Hekking,,2,Hojas juveniles rojas,,,
300,21,2005-08-23 00:00:00,746909,35244,1706,RG,2,5,3,,"5,3,1",d,Lauraceae,Nectandra,aff. parviflora,Rohwer,,1.6,,,,
301,21,2005-08-23 00:00:00,746909,35244,1706,RG,2,5,3,,"5,3,4",d,Lauraceae,Persea,pseudofasciculata,Kopp,,3,,,,
302,22,2005-08-24 00:00:00,746975,35200,1694,RG,2,5,4,1,,a,Siparumaceae,Siparuna,laurifolia,(Kunth) A.DC.,,1.5,,,,
303,22,2005-08-24 00:00:00,746975,35200,1694,RG,2,5,4,2,,a,Annonaceae,Guatteria,megalophylla,Diels,,1.5,,,,
304,22,2005-08-24 00:00:00,746975,35200,1694,RG,2,5,4,,"5,4,2",a,Annonaceae,Guatteria,megalophylla,Diels,,1.7,,,,
305,22,2005-08-24 00:00:00,746975,35200,1694,RG,2,5,4,3,,b,Asteraceae,Criptoniosis ,cf. occidentalis,(Cuatrec.) H. Rob.,,2.5,,,,
306,22,2005-08-24 00:00:00,746975,35200,1694,RG,2,5,4,4,,c,Moraceae,Naucleopsis,naga,Pittier,,3.5,,,,
307,22,2005-08-24 00:00:00,746975,35200,1694,RG,2,5,4,5,,c,Bombacaceae,Matisia,aff. bolivarii,Cuatrec.,,2,Base de la hoja abultado,,,
308,"14 , 15",2005-08-18 00:00:00,746908,32217,1541,RG,3,4,1,1,,a,Myrsinaceae,Geissanthus,aff. longistamineus,(A.C. Sm.) Pipoly,,1.4,envés hoja blanco,,,
309,"14 , 15",2005-08-18 00:00:00,746908,32217,1541,RG,3,4,1,,"4,1,1",a,Myrsinaceae,Geissanthus,aff. longistamineus,(A.C. Sm.) Pipoly,,0.5,envés hoja blanco,,,
310,"14 , 15",2005-08-18 00:00:00,746908,32217,1541,RG,3,4,1,2,,a,Cyatheaceae,Alsophila,erinacea,(H. Karst.) D.S. Conant,,1.3,,,,
311,"14 , 15",2005-08-18 00:00:00,746908,32217,1541,RG,3,4,1,3,,a,Boraginaceae,sp.,,,,3,,,,
312,"14 , 15",2005-08-18 00:00:00,746908,32217,1541,RG,3,4,1,4,,a,Arecaceae,Wettinia,aff. oxycarpa,Galeano & R. Bernal,,1.4,Hoja simple. Ataque de insectos,,,
313,"14 , 15",2005-08-18 00:00:00,746908,32217,1541,RG,3,4,1,5,,b,Rubiaceae,Psychotria,flaviflora,(K. Krause) C.M. Taylor,,1.5,,,,
314,"14 , 15",2005-08-18 00:00:00,746908,32217,1541,RG,3,4,1,6,,b,Actinidaceae,Saurauria,sp.1,,,1.5,,,,
315,"14 , 15",2005-08-18 00:00:00,746908,32217,1541,RG,3,4,1,,"4,1,2",b,Cyatheaceae,Alsophila,erinacea,(H. Karst.) D.S. Conant,,1.5,,,,
316,"14 , 15",2005-08-18 00:00:00,746908,32217,1541,RG,3,4,1,7,,b,Myrtaceae ,Eugenia,florida,DC. ,,2.4,,,,
317,"14 , 15",2005-08-18 00:00:00,746908,32217,1541,RG,3,4,1,8,,c,Solanaceae,Solanum,aff. cucullatum,S. Knapp.,,1,Hoja grande,,,
318,"14 , 15",2005-08-18 00:00:00,746908,32217,1541,RG,3,4,1,9,,c,Lecythidaceae ,Gustavia,dodsonii,S.A. Mori,Manteca de puerco,3,,,,
319,"14 , 15",2005-08-18 00:00:00,746908,32217,1541,RG,3,4,1,10,,c,Fab-Faboideae,Erythrina ,schimpffii,Diels,,1,,,,
320,"14 , 15",2005-08-18 00:00:00,746908,32217,1541,RG,3,4,1,,"4,1,2",c,Cyatheaceae,Alsophila,erinacea,(H. Karst.) D.S. Conant,,0.5,,,,
321,"14 , 15",2005-08-18 00:00:00,746908,32217,1541,RG,3,4,1,11,,d,Melastomataceae,Meriania,tomentosa,(Cogn.) Wurdack,,3,,,,
322,"14 , 15",2005-08-18 00:00:00,746908,32217,1541,RG,3,4,1,,"4,1,2",d,Cyatheaceae,Alsophila,erinacea,(H. Karst.) D.S. Conant,,2,,,,
323,"14 , 15",2005-08-18 00:00:00,746908,32217,1541,RG,3,4,1,,"4,1,6",d,Actinidaceae,Saurauria,sp.1,,,2.5,,,,
324,"14 , 15",2005-08-18 00:00:00,746908,32217,1541,RG,3,4,1,12,,d,Indeterminada,sp. 1,,,Sancona,1.4,,,,
325,"14 , 15",2005-08-18 00:00:00,746908,32217,1541,RG,3,4,1,,"4,1,2",d,Cyatheaceae,Alsophila,erinacea,(H. Karst.) D.S. Conant,,0.6,,,,
326,"15, 1",2005-08-18 00:00:00,746838,32594,1575,RG,3,4,2,1,,a,Clusiaceae,Garcinia,macrophylla,Mart.,Madroño,2.5,,,,
327,"15, 1",2005-08-18 00:00:00,746838,32594,1575,RG,3,4,2,2,,b,Rubiaceae,Psychotria,cf. stipularis,Benth.,Yalte,0.5,,,,
328,"15, 1",2005-08-18 00:00:00,746838,32594,1575,RG,3,4,2,3,,b,Fab-Caesalpiniaceae,Senna,dariensis,(Britton & Rose)H.S.Irwin & Barneby,,3,,,,
329,"15, 1",2005-08-18 00:00:00,746838,32594,1575,RG,3,4,2,4,,c,Moraceae,Pseudolmedia,rigida,(Klotzsch & H. Karst.) Cuatrec.,,3.5,envés hoja blanca. Rebrote,,,
330,"15, 1",2005-08-18 00:00:00,746838,32594,1575,RG,3,4,2,5,,c,Lauraceae,Persea,pseudofasciculata,Kopp,,1,Hoja simple. Peciolo engrosado,,,
331,"15, 1",2005-08-18 00:00:00,746838,32594,1575,RG,3,4,2,,"4,2,1",d,Clusiaceae,Garcinia,macrophylla,Mart.,,1.3,,,,
332,"15, 1",2005-08-18 00:00:00,746838,32594,1575,RG,3,4,2,,"4,2,3",d,Fab-Caesalpiniaceae,Senna,dariensis,(Britton & Rose)H.S.Irwin & Barneby,,1.5,,,,
333,"15, 1",2005-08-18 00:00:00,746838,32594,1575,RG,3,4,2,6,,d,Lauraceae,Persea,pseudofasciculata,Kopp,,3.5,,,,
334,"16, 17",2005-08-20 00:00:00,746459,32194,1618,RG,3,4,3,1,,a,Melastomataceae,Conostegia,superba,D. Don ex Naudin,,2.4,,,,
335,"16, 17",2005-08-20 00:00:00,746459,32194,1618,RG,3,4,3,2,,a,Myrsinaceae,Cybianthus,humilis,(Mez) G. Agostini,,0.5,Abundantes hojas verticiladas,,,
336,"16, 17",2005-08-20 00:00:00,746459,32194,1618,RG,3,4,3,,"4,3,1",a,Melastomataceae,Conostegia,superba,D. Don ex Naudin,,1.5,,,,
337,"16, 17",2005-08-20 00:00:00,746459,32194,1618,RG,3,4,3,3,,b,Fab-Caesalpiniaceae,Senna,dariensis,(Britton & Rose)H.S.Irwin & Barneby,,1,Peciolos negros,,,
338,"16, 17",2005-08-20 00:00:00,746459,32194,1618,RG,3,4,3,4,,b,Rubiaceae,Agouticarpa,grandistipula ,C. Persson,,0.6,,,,
339,"16, 17",2005-08-20 00:00:00,746459,32194,1618,RG,3,4,3,,"4,3,4",b,Rubiaceae,Agouticarpa,grandistipula ,C. Persson,,0.7,,,,
340,"16, 17",2005-08-20 00:00:00,746459,32194,1618,RG,3,4,3,5,,b,Rubiaceae,Agouticarpa,grandistipula ,C. Persson,,0.6,,,,
341,"16, 17",2005-08-20 00:00:00,746459,32194,1618,RG,3,4,3,,"4,3,2",b,Myrsinaceae,Cybianthus,humilis,(Mez) G. Agostini,,1.2,Abundantes hojas verticiladas,,,
342,"16, 17",2005-08-20 00:00:00,746459,32194,1618,RG,3,4,3,,"4,3,1",b,Melastomataceae,Conostegia,superba,D. Don ex Naudin,,2.2,,,,
343,"16, 17",2005-08-20 00:00:00,746459,32194,1618,RG,3,4,3,,"4,3,1",b,Melastomataceae,Conostegia,superba,D. Don ex Naudin,,0.6,,,,
344,"16, 17",2005-08-20 00:00:00,746459,32194,1618,RG,3,4,3,,"4,3,1",c,Melastomataceae,Conostegia,superba,D. Don ex Naudin,,1.1,,,,
345,"16, 17",2005-08-20 00:00:00,746459,32194,1618,RG,3,4,3,,"4,3,4",c,Rubiaceae,Agouticarpa,grandistipula ,C. Persson,,1.1,,,,
346,"16, 17",2005-08-20 00:00:00,746459,32194,1618,RG,3,4,3,6,,c,Solanaceae,sp.,,,,1.6,Hoja grande,,,
347,"16, 17",2005-08-20 00:00:00,746459,32194,1618,RG,3,4,3,7,,c,Piperaceae,Piper,sp.,,,1.3,,,,
348,"16, 17",2005-08-20 00:00:00,746459,32194,1618,RG,3,4,3,,"4,3,2",c,Myrsinaceae,Cybianthus,humilis,(Mez) G. Agostini,,1,Abundantes hojas verticiladas,,,
349,"16, 17",2005-08-20 00:00:00,746459,32194,1618,RG,3,4,3,,"4,3,7",c,Piperaceae,Piper,sp.,,,1.2,,,,
350,"16, 17",2005-08-20 00:00:00,746459,32194,1618,RG,3,4,3,,"4,3,1",c,Melastomataceae,Conostegia,superba,D. Don ex Naudin,,1,,,,
351,"16, 17",2005-08-20 00:00:00,746459,32194,1618,RG,3,4,3,8,,c,Rubiaceae,Psychotria,flaviflora,(K. Krause) C.M. Taylor,,1.7,,,,
352,"16, 17",2005-08-20 00:00:00,746459,32194,1618,RG,3,4,3,,"4,3,2",c,Myrsinaceae,Cybianthus,humilis,(Mez) G. Agostini,,1.2,Abundantes hojas verticiladas,,,
353,"16, 17",2005-08-20 00:00:00,746459,32194,1618,RG,3,4,3,9,,d,Myrsinaceae,Cybianthus,humilis,(Mez) G. Agostini,,3,,,,
354,"16, 17",2005-08-20 00:00:00,746459,32194,1618,RG,3,4,3,,"4,3,1",d,Melastomataceae,Conostegia,superba,D. Don ex Naudin,,2.6,,,,
355,"16, 17",2005-08-20 00:00:00,746459,32194,1618,RG,3,4,3,,"4,3,2",d,Myrsinaceae,Cybianthus,humilis,(Mez) G. Agostini,,0.9,Hojas verticiladas,,,
356,"16, 17",2005-08-20 00:00:00,746459,32194,1618,RG,3,4,3,10,,d,Violaceae,Gloeospermum,longifolium,Hekking,Yalte,0.5,,,,
357,"17, 1",2005-08-20 00:00:00,747132,32572,1634,RG,3,4,4,1,,b,Lecythidaceae ,Gustavia,dodsonii,S.A. Mori,,0.6,,,,
358,"17, 1",2005-08-20 00:00:00,747132,32572,1634,RG,3,4,4,,"4,4,1",b,Lecythidaceae ,Gustavia,dodsonii,S.A. Mori,,0.6,,,,
359,"17, 1",2005-08-20 00:00:00,747132,32572,1634,RG,3,4,4,2,,b,Arecaceae,Wettinia,aff. oxycarpa,Galeano & R. Bernal,,2.5,,,,
360,"17, 1",2005-08-20 00:00:00,747132,32572,1634,RG,3,4,4,3,,b,Boraginaceae,Cordia,sp.,,,3,,,,
361,"17, 1",2005-08-20 00:00:00,747132,32572,1634,RG,3,4,4,4,,c,Solanaceae,Solanum,aff. cucullatum,S. Knapp.,,1.8,Zancona,,,
362,"17, 1",2005-08-20 00:00:00,747132,32572,1634,RG,3,4,4,5,,c,Rubiaceae,Psychotria,flaviflora,(K. Krause) C.M. Taylor,,0.5,Palma,,,
363,"17, 1",2005-08-20 00:00:00,747132,32572,1634,RG,3,4,4,,"4,4,2",c,Arecaceae,Wettinia,aff. oxycarpa,Galeano & R. Bernal,,2.5,,,,
364,"17, 1",2005-08-20 00:00:00,747132,32572,1634,RG,3,4,4,6,,c,Indeterminada,sp. 21,,,,1.6,Hojas verticiladas,,,
365,"17, 1",2005-08-20 00:00:00,747132,32572,1634,RG,3,4,4,,"4,4,2",d,Arecaceae,Wettinia,aff. oxycarpa,Galeano & R. Bernal,,3,,,,
366,"17, 1",2005-08-20 00:00:00,747132,32572,1634,RG,3,4,4,,"4,4,3",d,Boraginaceae,Cordia,sp.,,,2,,,,
367,"17, 1",2005-08-20 00:00:00,747132,32572,1634,RG,3,4,4,7,,d,Indeterminada,sp. 22,,,,1.2,,,,
368,,,,,,,,,,,,,,,,,,,,,,
369,,,,,,,,,,,,,,,,,,,,,,
370,,,,,,,,,,,,,,,,,,,,,,
371,,,,,,,,,,,,,,,,,,,,,,
372,,,,,,,,,,,,,,,,,,,,,,
373,,,,,,,,,,,,,,,,,,,,,,
374,,,,,,,,,,,,,,,,,,,,,,
375,,,,,,,,,,,,,,,,,,,,,,
376,,,,,,,,,,,,,,,,,,,,,,
377,,,,,,,,,,,,,,,,,,,,,,
378,,,,,,,,,,,,,,,,,,,,,,
379,,,,,,,,,,,,,,,,,,,,,,
380,,,,,,,,,,,,,,,,,,,,,,
381,,,,,,,,,,,,,,,,,,,,,,
382,,,,,,,,,,,,,,,,,,,,,,
383,,,,,,,,,,,,,,,,,,,,,,
384,,,,,,,,,,,,,,,,,,,,,,
385,,,,,,,,,,,,,,,,,,,,,,
386,,,,,,,,,,,,,,,,,,,,,,
387,,,,,,,,,,,,,,,,,,,,,,
388,,,,,,,,,,,,,,,,,,,,,,
389,,,,,,,,,,,,,,,,,,,,,,
390,,,,,,,,,,,,,,,,,,,,,,
391,,,,,,,,,,,,,,,,,,,,,,
392,,,,,,,,,,,,,,,,,,,,,,
393,,,,,,,,,,,,,,,,,,,,,,
394,,,,,,,,,,,,,,,,,,,,,,
395,,,,,,,,,,,,,,,,,,,,,,
396,,,,,,,,,,,,,,,,,,,,,,
397,,,,,,,,,,,,,,,,,,,,,,
398,,,,,,,,,,,,,,,,,,,,,,
399,,,,,,,,,,,,,,,,,,,,,,
400,,,,,,,,,,,,,,,,,,,,,,
401,,,,,,,,,,,,,,,,,,,,,,
402,,,,,,,,,,,,,,,,,,,,,,
403,,,,,,,,,,,,,,,,,,,,,,
404,,,,,,,,,,,,,,,,,,,,,,
405,,,,,,,,,,,,,,,,,,,,,,
406,,,,,,,,,,,,,,,,,,,,,,
407,,,,,,,,,,,,,,,,,,,,,,
408,,,,,,,,,,,,,,,,,,,,,,
409,,,,,,,,,,,,,,,,,,,,,,
410,,,,,,,,,,,,,,,,,,,,,,
411,,,,,,,,,,,,,,,,,,,,,,
412,,,,,,,,,,,,,,,,,,,,,,
413,,,,,,,,,,,,,,,,,,,,,,
414,,,,,,,,,,,,,,,,,,,,,,
415,,,,,,,,,,,,,,,,,,,,,,
416,,,,,,,,,,,,,,,,,,,,,,
417,,,,,,,,,,,,,,,,,,,,,,
418,,,,,,,,,,,,,,,,,,,,,,
419,,,,,,,,,,,,,,,,,,,,,,
420,,,,,,,,,,,,,,,,,,,,,,
421,,,,,,,,,,,,,,,,,,,,,,
422,,,,,,,,,,,,,,,,,,,,,,
423,,,,,,,,,,,,,,,,,,,,,,
424,,,,,,,,,,,,,,,,,,,,,,
425,,,,,,,,,,,,,,,,,,,,,,
426,,,,,,,,,,,,,,,,,,,,,,
427,,,,,,,,,,,,,,,,,,,,,,
428,,,,,,,,,,,,,,,,,,,,,,
429,,,,,,,,,,,,,,,,,,,,,,
430,,,,,,,,,,,,,,,,,,,,,,
431,,,,,,,,,,,,,,,,,,,,,,
432,,,,,,,,,,,,,,,,,,,,,,
433,,,,,,,,,,,,,,,,,,,,,,
434,,,,,,,,,,,,,,,,,,,,,,
435,,,,,,,,,,,,,,,,,,,,,,
436,,,,,,,,,,,,,,,,,,,,,,
437,,,,,,,,,,,,,,,,,,,,,,
438,,,,,,,,,,,,,,,,,,,,,,
439,,,,,,,,,,,,,,,,,,,,,,
440,,,,,,,,,,,,,,,,,,,,,,
441,,,,,,,,,,,,,,,,,,,,,,
442,,,,,,,,,,,,,,,,,,,,,,
443,,,,,,,,,,,,,,,,,,,,,,
444,,,,,,,,,,,,,,,,,,,,,,
445,,,,,,,,,,,,,,,,,,,,,,
446,,,,,,,,,,,,,,,,,,,,,,
447,,,,,,,,,,,,,,,,,,,,,,
448,,,,,,,,,,,,,,,,,,,,,,
449,,,,,,,,,,,,,,,,,,,,,,
450,,,,,,,,,,,,,,,,,,,,,,
451,,,,,,,,,,,,,,,,,,,,,,
452,,,,,,,,,,,,,,,,,,,,,,
453,,,,,,,,,,,,,,,,,,,,,,
454,,,,,,,,,,,,,,,,,,,,,,
455,,,,,,,,,,,,,,,,,,,,,,
456,,,,,,,,,,,,,,,,,,,,,,
457,,,,,,,,,,,,,,,,,,,,,,
458,,,,,,,,,,,,,,,,,,,,,,
459,,,,,,,,,,,,,,,,,,,,,,
460,,,,,,,,,,,,,,,,,,,,,,
461,,,,,,,,,,,,,,,,,,,,,,
462,,,,,,,,,,,,,,,,,,,,,,
463,,,,,,,,,,,,,,,,,,,,,,
464,,,,,,,,,,,,,,,,,,,,,,
465,,,,,,,,,,,,,,,,,,,,,,
466,,,,,,,,,,,,,,,,,,,,,,
467,,,,,,,,,,,,,,,,,,,,,,
468,,,,,,,,,,,,,,,,,,,,,,
469,,,,,,,,,,,,,,,,,,,,,,
470,,,,,,,,,,,,,,,,,,,,,,
471,,,,,,,,,,,,,,,,,,,,,,
472,,,,,,,,,,,,,,,,,,,,,,
473,,,,,,,,,,,,,,,,,,,,,,
474,,,,,,,,,,,,,,,,,,,,,,
475,,,,,,,,,,,,,,,,,,,,,,
476,,,,,,,,,,,,,,,,,,,,,,
477,,,,,,,,,,,,,,,,,,,,,,
478,,,,,,,,,,,,,,,,,,,,,,
479,,,,,,,,,,,,,,,,,,,,,,
480,,,,,,,,,,,,,,,,,,,,,,
481,,,,,,,,,,,,,,,,,,,,,,
482,,,,,,,,,,,,,,,,,,,,,,
483,,,,,,,,,,,,,,,,,,,,,,
484,,,,,,,,,,,,,,,,,,,,,,
485,,,,,,,,,,,,,,,,,,,,,,
486,,,,,,,,,,,,,,,,,,,,,,
487,,,,,,,,,,,,,,,,,,,,,,
488,,,,,,,,,,,,,,,,,,,,,,
489,,,,,,,,,,,,,,,,,,,,,,
490,,,,,,,,,,,,,,,,,,,,,,
491,,,,,,,,,,,,,,,,,,,,,,
492,,,,,,,,,,,,,,,,,,,,,,
493,,,,,,,,,,,,,,,,,,,,,,
494,,,,,,,,,,,,,,,,,,,,,,
495,,,,,,,,,,,,,,,,,,,,,,
496,,,,,,,,,,,,,,,,,,,,,,
497,,,,,,,,,,,,,,,,,,,,,,
498,,,,,,,,,,,,,,,,,,,,,,
499,,,,,,,,,,,,,,,,,,,,,,
500,,,,,,,,,,,,,,,,,,,,,,
501,,,,,,,,,,,,,,,,,,,,,,
502,,,,,,,,,,,,,,,,,,,,,,
503,,,,,,,,,,,,,,,,,,,,,,
504,,,,,,,,,,,,,,,,,,,,,,
505,,,,,,,,,,,,,,,,,,,,,,
506,,,,,,,,,,,,,,,,,,,,,,
507,,,,,,,,,,,,,,,,,,,,,,
508,,,,,,,,,,,,,,,,,,,,,,
509,,,,,,,,,,,,,,,,,,,,,,
510,,,,,,,,,,,,,,,,,,,,,,
511,,,,,,,,,,,,,,,,,,,,,,
512,,,,,,,,,,,,,,,,,,,,,,
513,,,,,,,,,,,,,,,,,,,,,,
514,,,,,,,,,,,,,,,,,,,,,,
515,,,,,,,,,,,,,,,,,,,,,,
