,# Hoja/ Page ,Fecha/Date  ,Norte ,Este,Elevación,Hábitat,Sitio/Site,Parcela/Plot,Sub.Parc.,Muestr. #.campo á.j.,Muest.Simil.,"Secc:a b,c,d",Familia,Genero ,Especie,Autor,Nombre común,Altura ,Observaciones,,,,,,,
1,28,2005-08-27 00:00:00,747474,33593,1330,BC,1,7,3,1,,a,Melastomataceae,Topobea,dodsonorum,Wurdack,,1.8,,,,,,,,
2,28,2005-08-27 00:00:00,747474,33593,1330,BC,1,7,3,2,,a,Ochnaceae,Ouratea,weberbaueri,Sleumer,,1.3,"Hojas opuestas, pubescentes",,,,,,,
3,28,2005-08-27 00:00:00,747474,33593,1330,BC,1,7,3,3,,a,Rubiaceae,Faramea,oblongifolia,Standl.,,1.2,Estípulas largas de color café,,,,,,,
4,28,2005-08-27 00:00:00,747474,33593,1330,BC,1,7,3,4,,a,Myrtaceae ,Eugenia,florida,DC. ,,3,,,,,,,,
5,28,2005-08-27 00:00:00,747474,33593,1330,BC,1,7,3,5,,a,Rubiaceae,Psychotria,flaviflora,(K. Krause) C.M. Taylor,,4,,,,,,,,
6,28,2005-08-27 00:00:00,747474,33593,1330,BC,1,7,3,,"7,3,5",a,Rubiaceae,Psychotria,flaviflora,(K. Krause) C.M. Taylor,,1.2,,,,,,,,
7,28,2005-08-27 00:00:00,747474,33593,1330,BC,1,7,3,6,,a,Myrtaceae ,Eugenia,sp.,,,3,Hojas coreáceas redondeadas,,,,,,,
8,28,2005-08-27 00:00:00,747474,33593,1330,BC,1,7,3,7,,a,Rubiaceae,Faramea,aff. calyptrata,C.M. Taylor,,2.2,Hoja pequeña,,,,,,,
9,28,2005-08-27 00:00:00,747474,33593,1330,BC,1,7,3,8,,a,Burseraceae,Dacryodes,cupularis,Cuatrec.,,0.5,,,,,,,,
10,28,2005-08-27 00:00:00,747474,33593,1330,BC,1,7,3,9,,a,Anacardiaceae,Tapirira,guianensis,Aubl.,,0.8,Estípulas blancas,,,,,,,
11,28,2005-08-27 00:00:00,747474,33593,1330,BC,1,7,3,10,,a,Araliaceae,Dendropanax,aff. macrophyllum,Cuatrec.,,1.3,"Hoja redondeada, estípula ancha y redondeada",,,,,,,
12,28,2005-08-27 00:00:00,747474,33593,1330,BC,1,7,3,,"7,3,10",a,Araliaceae,Dendropanax,aff. macrophyllum,Cuatrec.,,1.2,"Hoja redondeada, estípula ancha y redondeada",,,,,,,
13,28,2005-08-27 00:00:00,747474,33593,1330,BC,1,7,3,11,,a,Melastomataceae,Conostegia,superba,D. Don ex Naudin,,0.5,,,,,,,,
14,28,2005-08-27 00:00:00,747474,33593,1330,BC,1,7,3,12,,a,Lecythidaceae ,Eschweilera,rimbachii,Standl.,,1.1,"Hojas simples, finamente aserradas",,,,,,,
15,28,2005-08-27 00:00:00,747474,33593,1330,BC,1,7,3,,"7,3,11",b,Melastomataceae,Conostegia,superba,D. Don ex Naudin,,2,,,,,,,,
16,28,2005-08-27 00:00:00,747474,33593,1330,BC,1,7,3,,"7,3,12",b,Lecythidaceae ,Eschweilera,rimbachii,Standl.,,1.1,,,,,,,,
17,28,2005-08-27 00:00:00,747474,33593,1330,BC,1,7,3,,"7,2,9",b,Anacardiaceae,Tapirira,guianensis,Aubl.,,1.8,Hojas pequeñas,,,,,,,
18,28,2005-08-27 00:00:00,747474,33593,1330,BC,1,7,3,13,,b,Melastomataceae,Conostegia,cuatrecasii,Gleason,,1.1,,,,,,,,
19,28,2005-08-27 00:00:00,747474,33593,1330,BC,1,7,3,14,,b,Rubiaceae,Palicourea,sp.,,,1.3,,,,,,,,
20,28,2005-08-27 00:00:00,747474,33593,1330,BC,1,7,3,15,,b,Lauraceae,sp. 2,,,,0.8,Hoja blanca,,,,,,,
21,28,2005-08-27 00:00:00,747474,33593,1330,BC,1,7,3,,"7,2,5",b,Rubiaceae,Psychotria,flaviflora,(K. Krause) C.M. Taylor,,1.8,,,,,,,,
22,28,2005-08-27 00:00:00,747474,33593,1330,BC,1,7,3,,"7,2,9",b,Anacardiaceae,Tapirira,guianensis,Aubl.,,1.6,,,,,,,,
23,28,2005-08-27 00:00:00,747474,33593,1330,BC,1,7,3,16,,b,Fab-Mimosoideae,Inga,aff. lallensis,Spruce ex Benth.,,2.1,Hojas grandes,,,,,,,
24,28,2005-08-27 00:00:00,747474,33593,1330,BC,1,7,3,,"7,2,5",b,Rubiaceae,Psychotria,flaviflora,(K. Krause) C.M. Taylor,,1.3,,,,,,,,
25,28,2005-08-27 00:00:00,747474,33593,1330,BC,1,7,3,,"7,2,5",b,Rubiaceae,Psychotria,flaviflora,(K. Krause) C.M. Taylor,,3,,,,,,,,
26,28,2005-08-27 00:00:00,747474,33593,1330,BC,1,7,3,17,,b,Lauraceae,sp. 2,,,,3.5,Hojas pequeñas,,,,,,,
27,28,2005-08-27 00:00:00,747474,33593,1330,BC,1,7,3,,"7,2,17",c,Lauraceae,sp. 2,,,,4,Hojas pequeñas,,,,,,,
28,28,2005-08-27 00:00:00,747474,33593,1330,BC,1,7,3,,"7,2,16",c,Fab-Mimosoideae,Inga,aff. lallensis,Spruce ex Benth.,,1.6,Hojas grandes,,,,,,,
29,28,2005-08-27 00:00:00,747474,33593,1330,BC,1,7,3,,"7,2,9",c,Anacardiaceae,Tapirira,guianensis,Aubl.,,0.5,Hojas pequeñas,,,,,,,
30,28,2005-08-27 00:00:00,747474,33593,1330,BC,1,7,3,,"7,2,17",c,Lauraceae,sp. 2,,,,1.5,Hojas pequeñas,,,,,,,
31,28,2005-08-27 00:00:00,747474,33593,1330,BC,1,7,3,,"7,2,12",c,Lecythidaceae ,Eschweilera,rimbachii,Standl.,,1.65,,,,,,,,
32,28,2005-08-27 00:00:00,747474,33593,1330,BC,1,7,3,18,,c,Moraceae,sp. 2,,,,5,Pelos blancos,,,,,,,
33,28,2005-08-27 00:00:00,747474,33593,1330,BC,1,7,3,,"7,2,5",c,Rubiaceae,Psychotria,flaviflora,(K. Krause) C.M. Taylor,,4,,,,,,,,
34,28,2005-08-27 00:00:00,747474,33593,1330,BC,1,7,3,,"7,2,13",c,Melastomataceae,Conostegia,cuatrecasii,Gleason,,1.2,,,,,,,,
35,28,2005-08-27 00:00:00,747474,33593,1330,BC,1,7,3,,"7,2,4",c,Myrtaceae ,Eugenia,florida,DC. ,,4,Hojas largas,,,,,,,
36,28,2005-08-27 00:00:00,747474,33593,1330,BC,1,7,3,,"7,2,6",c,Myrtaceae ,Eugenia,sp.,,,1.9,,,,,,,,
37,28,2005-08-27 00:00:00,747474,33593,1330,BC,1,7,3,19,,c,Lauraceae,Caryodaphnopsis,theobromifolia,(A.H. Gentry) van der Werff & H.G. Richt.,,3.5,,,,,,,,
38,28,2005-08-27 00:00:00,747474,33593,1330,BC,1,7,3,20,,c,Lauraceae,Pleurothyrium,glabritepalum,van der Werff,,0.6,,,,,,,,
39,28,2005-08-27 00:00:00,747474,33593,1330,BC,1,7,3,,"7,2,13",d,Melastomataceae,Conostegia,cuatrecasii,Gleason,,1,Raquis alado,,,,,,,
40,28,2005-08-27 00:00:00,747474,33593,1330,BC,1,7,3,21,,d,Sapindaceae,Paullinia,cf. capreolata,(Aubl.) Radlk.,,0.6,,,,,,,,
41,28,2005-08-27 00:00:00,747474,33593,1330,BC,1,7,3,,"7,2,20",d,Lauraceae,Pleurothyrium,glabritepalum,van der Werff,,1.5,,,,,,,,
42,28,2005-08-27 00:00:00,747474,33593,1330,BC,1,7,3,,"7,2,12",d,Lecythidaceae ,Eschweilera,rimbachii,Standl.,,0.8,Hoja mediana,,,,,,,
43,28,2005-08-27 00:00:00,747474,33593,1330,BC,1,7,3,22,,d,Styracaceae,Styrax,weberbaueri,Perkins,,1,,,,,,,,
44,28,2005-08-27 00:00:00,747474,33593,1330,BC,1,7,3,,"7,2,14",d,Rubiaceae,Palicourea,sp.,,,1.4,,,,,,,,
45,28,2005-08-27 00:00:00,747474,33593,1330,BC,1,7,3,23,,d,Lauraceae,Persea,pseudofasciculata,Kopp,,5,Hojas grandes,,,,,,,
46,28,2005-08-27 00:00:00,747474,33593,1330,BC,1,7,3,24,,d,Menispermaceae,Abuta,aff. chocoensis,Krukoff & Barneby,,1.9,,,,,,,,
47,28,2005-08-27 00:00:00,747474,33593,1330,BC,1,7,3,,"7,2,17",d,Lauraceae,sp. 2,,,,4.5,Hojas pequeñas,,,,,,,
48,28,2005-08-27 00:00:00,747474,33593,1330,BC,1,7,3,,"7,2,16",d,Fab-Mimosoideae,Inga,aff. lallensis,Spruce ex Benth.,,2,Hojas grandes,,,,,,,
49,28,2005-08-27 00:00:00,747474,33593,1330,BC,1,7,3,25,,d,Myrtaceae ,Eugenia,sp.,,,0.8,,,,,,,,
50,"43, 1",2005-09-15 00:00:00,747945,33576,1413,BC,1,7,6,1,,a,Burseraceae,Dacryodes,cupularis,Cuatrec.,,0.9,,,,,,,,
51,"43, 1",2005-09-15 00:00:00,747945,33576,1413,BC,1,7,6,,"7,6,1",a,Burseraceae,Dacryodes,cupularis,Cuatrec.,,1.4,,,,,,,,
52,"43, 1",2005-09-15 00:00:00,747945,33576,1413,BC,1,7,6,,"7,6,1",a,Burseraceae,Dacryodes,cupularis,Cuatrec.,,1,,,,,,,,
53,"43, 1",2005-09-15 00:00:00,747945,33576,1413,BC,1,7,6,2,,a,Rubiaceae,Faramea,oblongifolia,Standl.,,4,,,,,,,,
54,"43, 1",2005-09-15 00:00:00,747945,33576,1413,BC,1,7,6,3,,a,Rubiaceae,Palicourea,sp.,,,1.1,,,,,,,,
55,"43, 1",2005-09-15 00:00:00,747945,33576,1413,BC,1,7,6,4,,a,Rubiaceae,Faramea,flavicans,(Kunth ex Roem. & Schult.) Standl.,,1.2,Hoja ancha. Parecido a mayo,,,,,,,
56,"43, 1",2005-09-15 00:00:00,747945,33576,1413,BC,1,7,6,5,,a,Lauraceae,Persea,pseudofasciculata,Kopp,,0.5,Hoja pequeña,,,,,,,
57,"43, 1",2005-09-15 00:00:00,747945,33576,1413,BC,1,7,6,,"7,6,5",a,Lauraceae,Persea,pseudofasciculata,Kopp,,0.5,Hoja pequeña,,,,,,,
58,"43, 1",2005-09-15 00:00:00,747945,33576,1413,BC,1,7,6,,"7,6,2",a,Rubiaceae,Faramea,oblongifolia,Standl.,,1.7,,,,,,,,
59,"43, 1",2005-09-15 00:00:00,747945,33576,1413,BC,1,7,6,6,,a,Staphyleaceae,Huertea,glandulosa,Ruiz & Pav.,,0.6,rara,,,,,,,
60,"43, 1",2005-09-15 00:00:00,747945,33576,1413,BC,1,7,6,,"7,6,6",a,Staphyleaceae,Huertea,glandulosa,Ruiz & Pav.,,5,rara,,,,,,,
61,"43, 1",2005-09-15 00:00:00,747945,33576,1413,BC,1,7,6,7,,a,Melastomataceae,Conostegia,superba,D. Don ex Naudin,,4.5,,,,,,,,
62,"43, 1",2005-09-15 00:00:00,747945,33576,1413,BC,1,7,6,8,,b,Burseraceae,Dacryodes,cupularis,Cuatrec.,,1.1,Hoja trifoliada ,,,,,,,
63,"43, 1",2005-09-15 00:00:00,747945,33576,1413,BC,1,7,6,9,,b,Lauraceae,sp. 2,,Rosa,,0.5,,,,,,,,
64,"43, 1",2005-09-15 00:00:00,747945,33576,1413,BC,1,7,6,,"7,6,2",b,Rubiaceae,Faramea,oblongifolia,Standl.,,5,,,,,,,,
65,"43, 1",2005-09-15 00:00:00,747945,33576,1413,BC,1,7,6,,"7,6,2",b,Rubiaceae,Faramea,oblongifolia,Standl.,,3,,,,,,,,
66,"43, 1",2005-09-15 00:00:00,747945,33576,1413,BC,1,7,6,,"7,6,2",b,Rubiaceae,Faramea,oblongifolia,Standl.,,3,,,,,,,,
67,"43, 1",2005-09-15 00:00:00,747945,33576,1413,BC,1,7,6,10,,b,Melastomataceae,Meriania,finicola,Wurdack,,1.2,Hoja grande. Parecido a mayo,,,,,,,
68,"43, 1",2005-09-15 00:00:00,747945,33576,1413,BC,1,7,6,,"7,6,10",b,Melastomataceae,sp. 3,,,,0.8,Hoja grande. Parecido a mayo,,,,,,,
69,"43, 1",2005-09-15 00:00:00,747945,33576,1413,BC,1,7,6,11,,b,Myrsinaceae,Weigeltia,cf. goudotiana,Mez,,3,,,,,,,,
70,"43, 1",2005-09-15 00:00:00,747945,33576,1413,BC,1,7,6,12,,b,Sapindaceae,Allophyllus,floribundus,(Poepp.) Radlk.,,5,,,,,,,,
71,"43, 1",2005-09-15 00:00:00,747945,33576,1413,BC,1,7,6,13,,b,Lauraceae,sp. 2,,,,5,,,,,,,,
72,"43, 1",2005-09-15 00:00:00,747945,33576,1413,BC,1,7,6,,"7,6,2",c,Rubiaceae,Faramea,oblongifolia,Standl.,,0.5,,,,,,,,
73,"43, 1",2005-09-15 00:00:00,747945,33576,1413,BC,1,7,6,,"7,6,2",c,Rubiaceae,Faramea,oblongifolia,Standl.,,3,,,,,,,,
74,"43, 1",2005-09-15 00:00:00,747945,33576,1413,BC,1,7,6,,"7,6,2",c,Rubiaceae,Faramea,oblongifolia,Standl.,,0.7,,,,,,,,
75,"43, 1",2005-09-15 00:00:00,747945,33576,1413,BC,1,7,6,,"7,6,2",c,Rubiaceae,Faramea,oblongifolia,Standl.,,3.5,,,,,,,,
76,"43, 1",2005-09-15 00:00:00,747945,33576,1413,BC,1,7,6,,"7,6,2",c,Rubiaceae,Faramea,oblongifolia,Standl.,,0.5,,,,,,,,
77,"43, 1",2005-09-15 00:00:00,747945,33576,1413,BC,1,7,6,,"7,6,2",c,Rubiaceae,Faramea,oblongifolia,Standl.,,0.6,,,,,,,,
78,"43, 1",2005-09-15 00:00:00,747945,33576,1413,BC,1,7,6,14,,c,Melastomataceae,Meriania,finicola,Wurdack,,4,,,,,,,,
79,"43, 1",2005-09-15 00:00:00,747945,33576,1413,BC,1,7,6,15,,c,Lauraceae,theobromifolia,(A.H. Gentry) van der Werff & H.G. Richt.,Caoba,,5,,,,,,,,
80,"43, 1",2005-09-15 00:00:00,747945,33576,1413,BC,1,7,6,16,,c,Fab-Mimosoideae,Inga,aff. nobilis,Willd.,,3.5,,,,,,,,
81,"43, 1",2005-09-15 00:00:00,747945,33576,1413,BC,1,7,6,,"7,6,2",d,Rubiaceae,Faramea,oblongifolia,Standl.,,3,,,,,,,,
82,"43, 1",2005-09-15 00:00:00,747945,33576,1413,BC,1,7,6,,"7,6,2",d,Rubiaceae,Faramea,oblongifolia,Standl.,,1.2,,,,,,,,
83,"43, 1",2005-09-15 00:00:00,747945,33576,1413,BC,1,7,6,,"7,6,2",d,Rubiaceae,Faramea,oblongifolia,Standl.,,1.8,,,,,,,,
84,"43, 1",2005-09-15 00:00:00,747945,33576,1413,BC,1,7,6,,"7,6,2",d,Rubiaceae,Faramea,oblongifolia,Standl.,,1.7,,,,,,,,
85,"43, 1",2005-09-15 00:00:00,747945,33576,1413,BC,1,7,6,,"7,6,14",d,Melastomataceae,Meriania,finicola,Wurdack,,1.3,,,,,,,,
86,"43, 1",2005-09-15 00:00:00,747945,33576,1413,BC,1,7,6,,"7,6,14",d,Melastomataceae,Meriania,finicola,Wurdack,,3,,,,,,,,
87,"43, 1",2005-09-15 00:00:00,747945,33576,1413,BC,1,7,6,17,,d,Lauraceae,sp. 2,,,,1.2,,,,,,,,
88,"43, 1",2005-09-15 00:00:00,747945,33576,1413,BC,1,7,6,,"7,6,15",d,Lauraceae,theobromifolia,(A.H. Gentry) van der Werff & H.G. Richt.,Caoba,,4.5,,,,,,,,
89,44,2005-09-16 00:00:00,747981,33545,1401,BC,1,7,9,1,,a,Lauraceae,Nectandra,obtusata,Rohwer,,2,,,,,,,,
90,44,2005-09-16 00:00:00,747981,33545,1401,BC,1,7,9,2,,a,Olacaceae,Heisteria,sp.,,,1.5,,Hoja pequeña,,,,,,
91,44,2005-09-16 00:00:00,747981,33545,1401,BC,1,7,9,3,,a,Myristicaceae,Otoba,gordoniifolia,(A. DC.) A.H. Gentry,,4.5,,,,,,,,
92,44,2005-09-16 00:00:00,747981,33545,1401,BC,1,7,9,4,,a,Simaroubaceae,Simarouba,amara,Aubl.,,4.5,,,,,,,,
93,44,2005-09-16 00:00:00,747981,33545,1401,BC,1,7,9,5,,a,Lecythidaceae ,Eschweilera,rimbachii,Standl.,,3,,,,,,,,
94,44,2005-09-16 00:00:00,747981,33545,1401,BC,1,7,9,6,,a,Clusiaceae,Chrysochlamys,dependens,Planch. & Triana,,1,,,,,,,,
95,44,2005-09-16 00:00:00,747981,33545,1401,BC,1,7,9,7,,a,Indeterminada,sp. 2,,,,0.7,,Hoja blanca,,,,,,
96,44,2005-09-16 00:00:00,747981,33545,1401,BC,1,7,9,8,,a,Moraceae,vs. Perebea,angustifolia,(Poepp. & Endl.) C.C. Berg,,0.7,,,,,,,,
97,44,2005-09-16 00:00:00,747981,33545,1401,BC,1,7,9,,"7,9,7",b,Indeterminada,sp. 2,,,,0.5,,Hoja blanca,,,,,,
98,44,2005-09-16 00:00:00,747981,33545,1401,BC,1,7,9,,"7,9,1",b,Lauraceae,Nectandra,obtusata,Rohwer,,0.7,,,,,,,,
99,44,2005-09-16 00:00:00,747981,33545,1401,BC,1,7,9,,"7,9,1",b,Lauraceae,Nectandra,obtusata,Rohwer,,1.5,,,,,,,,
100,44,2005-09-16 00:00:00,747981,33545,1401,BC,1,7,9,,"7,9,1",b,Lauraceae,Nectandra,obtusata,Rohwer,,0.8,,,,,,,,
101,44,2005-09-16 00:00:00,747981,33545,1401,BC,1,7,9,,"7,9,1",b,Lauraceae,Nectandra,obtusata,Rohwer,,0.6,,,,,,,,
102,44,2005-09-16 00:00:00,747981,33545,1401,BC,1,7,9,9,,b,Myrtaceae ,Eugenia,cf. florida,DC. ,,1,,,,,,,,
103,44,2005-09-16 00:00:00,747981,33545,1401,BC,1,7,9,,"7,9,2",b,Olacaceae,Heisteria,sp.,,,0.6,,,,,,,,
104,44,2005-09-16 00:00:00,747981,33545,1401,BC,1,7,9,,"7,9,4",b,Simaroubaceae,Simarouba,amara,Aubl.,,2.2,,,,,,,,
105,44,2005-09-16 00:00:00,747981,33545,1401,BC,1,7,9,10,,b,Meliaceae,Ruagea,glabra,Triana & Planch.,,0.6,,,,,,,,
106,44,2005-09-16 00:00:00,747981,33545,1401,BC,1,7,9,,"7,9,1",b,Lauraceae,Nectandra,obtusata,Rohwer,,1.8,Hoja ancha,,,,,,,
107,44,2005-09-16 00:00:00,747981,33545,1401,BC,1,7,9,,"7,9,1",b,Lauraceae,Nectandra,obtusata,Rohwer,,1.1,Hoja ancha,,,,,,,
108,44,2005-09-16 00:00:00,747981,33545,1401,BC,1,7,9,,"7,9,1",c,Lauraceae,Nectandra,obtusata,Rohwer,,0.8,,,,,,,,
109,44,2005-09-16 00:00:00,747981,33545,1401,BC,1,7,9,,"7,9,1",c,Lauraceae,Nectandra,obtusata,Rohwer,,0.7,,,,,,,,
110,44,2005-09-16 00:00:00,747981,33545,1401,BC,1,7,9,11,,c,Lauraceae,sp. 1,,,,0.7,,,,,,,,
111,44,2005-09-16 00:00:00,747981,33545,1401,BC,1,7,9,,"7,9,11",c,Lauraceae,sp. 1,,,,0.8,,,,,,,,
112,44,2005-09-16 00:00:00,747981,33545,1401,BC,1,7,9,12,,c,Melastomataceae,Meriania,finicola,Wurdack,,0.5,,,,,,,,
113,44,2005-09-16 00:00:00,747981,33545,1401,BC,1,7,9,,"7,9,1",c,Lauraceae,Nectandra,obtusata,Rohwer,,1.5,Hoja ancha,,,,,,,
114,44,2005-09-16 00:00:00,747981,33545,1401,BC,1,7,9,,"7,9,1",c,Lauraceae,Nectandra,obtusata,Rohwer,,1,Hoja ancha,,,,,,,
115,44,2005-09-16 00:00:00,747981,33545,1401,BC,1,7,9,,"7,9,8",c,Moraceae,vs. Perebea,angustifolia,(Poepp. & Endl.) C.C. Berg,,0.8,,,,,,,,
116,44,2005-09-16 00:00:00,747981,33545,1401,BC,1,7,9,13,,c,Melastomataceae,Conostegia,superba,D. Don ex Naudin,,1.2,,,,,,,,
117,44,2005-09-16 00:00:00,747981,33545,1401,BC,1,7,9,14,,c,Lauraceae,sp. 1,,,,1,Pubescente,,,,,,,
118,44,2005-09-16 00:00:00,747981,33545,1401,BC,1,7,9,,"7,9,14",c,Lauraceae,sp. 1,,,,2.5,Pubescente,,,,,,,
119,44,2005-09-16 00:00:00,747981,33545,1401,BC,1,7,9,15,,d,Rubiaceae,Faramea,oblongifolia,Standl.,,0.7,,,,,,,,
120,44,2005-09-16 00:00:00,747981,33545,1401,BC,1,7,9,,"7,9,2",d,Olacaceae,Heisteria,sp.,,,2,,,,,,,,
121,44,2005-09-16 00:00:00,747981,33545,1401,BC,1,7,9,,"7,9,10",d,Meliaceae,Ruagea,glabra,Triana & Planch.,,3.5,,,,,,,,
122,44,2005-09-16 00:00:00,747981,33545,1401,BC,1,7,9,,"7,9,10",d,Meliaceae,Ruagea,glabra,Triana & Planch.,,2.5,,,,,,,,
123,44,2005-09-16 00:00:00,747981,33545,1401,BC,1,7,9,,"7,9,11",d,Lauraceae,sp. 1,,,,3.5,,,,,,,,
124,44,2005-09-16 00:00:00,747981,33545,1401,BC,1,7,9,,"7,9,4",d,Simaroubaceae,Simarouba,amara,Aubl.,,0.6,,,,,,,,
125,44,2005-09-16 00:00:00,747981,33545,1401,BC,1,7,9,16,,d,Lauraceae,sp. 1,,,,0.9,,,,,,,,
126,44,2005-09-16 00:00:00,747981,33545,1401,BC,1,7,9,17,,d,Lauraceae,Persea,pseudofasciculata,Kopp,,1,,,,,,,,
127,44,2005-09-16 00:00:00,747981,33545,1401,BC,1,7,9,,"7,9,3",d,Myristicaceae,Otoba,gordoniifolia,(A. DC.) A.H. Gentry,,0.7,,,,,,,,
128,44,2005-09-16 00:00:00,747981,33545,1401,BC,1,7,9,,"7,9,9",d,Myrtaceae ,Eugenia,cf. florida,DC. ,,0.9,,,,,,,,
129,44,2005-09-16 00:00:00,747981,33545,1401,BC,1,7,9,18,,d,Dichapetalaceae,Stephanopodium,longipedicellatum,Prance,,0.8,,,,,,,,
130,44,2005-09-16 00:00:00,747981,33545,1401,BC,1,7,9,,"7,9,11",d,Lauraceae,sp. 1,,,,2.5,,Retoño,,,,,,
131,24,2005-08-25 00:00:00,747140,35018,1652,BC,2,6,3,1,,a,Myrtaceae ,Myrcia,splendens,(Sw.) DC.,,1.5,,,,,,,,
132,24,2005-08-25 00:00:00,747140,35018,1652,BC,2,6,3,2,,a,Melastomataceae,sp. 4,,,,1,,,,,,,,
133,24,2005-08-25 00:00:00,747140,35018,1652,BC,2,6,3,3,,a,Chrysobalanaceae,Licania,durifolia,Cuatrec.,,1,,,,,,,,
134,24,2005-08-25 00:00:00,747140,35018,1652,BC,2,6,3,4,,a,Rubiaceae,Faramea,oblongifolia,Standl.,,1.9,,,,,,,,
135,24,2005-08-25 00:00:00,747140,35018,1652,BC,2,6,3,,"6,3,2",a,Melastomataceae,sp. 4,,,,1.4,,,,,,,,
136,24,2005-08-25 00:00:00,747140,35018,1652,BC,2,6,3,5,,a,Rubiaceae,Agouticarpa,grandistipula ,C. Person,,0.6,,,,,,,,
137,24,2005-08-25 00:00:00,747140,35018,1652,BC,2,6,3,,"6,3,5",a,Rubiaceae,Agouticarpa,grandistipula ,C. Person,,1,,,,,,,,
138,24,2005-08-25 00:00:00,747140,35018,1652,BC,2,6,3,,"6,3,2",a,Melastomataceae,sp. 4,,,,0.8,,,,,,,,
139,24,2005-08-25 00:00:00,747140,35018,1652,BC,2,6,3,,"6,3,2",a,Melastomataceae,sp. 4,,,,0.5,,,,,,,,
140,24,2005-08-25 00:00:00,747140,35018,1652,BC,2,6,3,6,,a,Lauraceae,Persea,pseudofasciculata,Kopp,,0.5,Hoja blanca,,,,,,,
141,24,2005-08-25 00:00:00,747140,35018,1652,BC,2,6,3,,"6,3,4",b,Rubiaceae,Faramea,oblongifolia,Standl.,,1.4,,,,,,,,
142,24,2005-08-25 00:00:00,747140,35018,1652,BC,2,6,3,,"6,3,1",b,Myrtaceae ,Myrcia,splendens,(Sw.) DC.,,1.2,,,,,,,,
143,24,2005-08-25 00:00:00,747140,35018,1652,BC,2,6,3,7,,b,Sapindaceae,Paullinia,capreolata,(Aubl.) Radlk.,,0.6,Liana,,,,,,,
144,24,2005-08-25 00:00:00,747140,35018,1652,BC,2,6,3,8,,b,Rubiaceae,Psychotria,flaviflora,(K. Krause) C.M. Taylor,,0.5,,,,,,,,
145,24,2005-08-25 00:00:00,747140,35018,1652,BC,2,6,3,9,,b,Siparumaceae,Siparuna,laurifolia,(Kunth) A.DC.,,1.8,,,,,,,,
146,24,2005-08-25 00:00:00,747140,35018,1652,BC,2,6,3,,"6,3,6",b,Lauraceae,Persea,pseudofasciculata,Kopp,,0.5,Hoja blanca,,,,,,,
147,24,2005-08-25 00:00:00,747140,35018,1652,BC,2,6,3,,"6,3,6",b,Lauraceae,Persea,pseudofasciculata,Kopp,,0.5,Hoja blanca,,,,,,,
148,24,2005-08-25 00:00:00,747140,35018,1652,BC,2,6,3,,"6,3,7",b,Sapindaceae,Paullinia,capreolata,(Aubl.) Radlk.,,0.8,Liana,,,,,,,
149,24,2005-08-25 00:00:00,747140,35018,1652,BC,2,6,3,,"6,3,1",b,Myrtaceae ,Myrcia,splendens,(Sw.) DC.,,0.5,,,,,,,,
150,24,2005-08-25 00:00:00,747140,35018,1652,BC,2,6,3,,"6,3,9",b,Siparumaceae,Siparuna,laurifolia,(Kunth) A.DC.,,0.5,,,,,,,,
151,24,2005-08-25 00:00:00,747140,35018,1652,BC,2,6,3,,"6,3,8",b,Rubiaceae,Psychotria,flaviflora,(K. Krause) C.M. Taylor,,0.5,,,,,,,,
152,24,2005-08-25 00:00:00,747140,35018,1652,BC,2,6,3,10,,b,Rubiaceae,Faramea,oblongifolia,Standl.,,1.2,Hoja pubescente,,,,,,,
153,24,2005-08-25 00:00:00,747140,35018,1652,BC,2,6,3,,"6,3,2",c,Melastomataceae,sp. 4,,,,0.5,,,,,,,,
154,24,2005-08-25 00:00:00,747140,35018,1652,BC,2,6,3,,"6,3,6",c,Lauraceae,Persea,pseudofasciculata,Kopp,,1.2,Hoja blanca,,,,,,,
155,24,2005-08-25 00:00:00,747140,35018,1652,BC,2,6,3,,"6,3,9",c,Siparumaceae,Siparuna,laurifolia,(Kunth) A.DC.,,0.5,,,,,,,,
156,24,2005-08-25 00:00:00,747140,35018,1652,BC,2,6,3,,"6,3,2",c,Melastomataceae,sp. 4,,,,0.5,,,,,,,,
157,24,2005-08-25 00:00:00,747140,35018,1652,BC,2,6,3,,"6,3,9",c,Siparumaceae,Siparuna,laurifolia,(Kunth) A.DC.,,1.6,,,,,,,,
158,24,2005-08-25 00:00:00,747140,35018,1652,BC,2,6,3,,"6,3,2",c,Melastomataceae,sp. 4,,,,0.5,,,,,,,,
159,24,2005-08-25 00:00:00,747140,35018,1652,BC,2,6,3,,"6,3,8",c,Rubiaceae,Psychotria,flaviflora,(K. Krause) C.M. Taylor,,1.5,,,,,,,,
160,24,2005-08-25 00:00:00,747140,35018,1652,BC,2,6,3,,"6,3,2",c,Melastomataceae,sp. 4,,,,1.6,,,,,,,,
161,24,2005-08-25 00:00:00,747140,35018,1652,BC,2,6,3,,"6,3,5",c,Rubiaceae,Agouticarpa,grandistipula ,C. Person,,1.3,,,,,,,,
162,24,2005-08-25 00:00:00,747140,35018,1652,BC,2,6,3,,"6,3,5",c,Rubiaceae,Agouticarpa,grandistipula ,C. Person,,1,,,,,,,,
163,24,2005-08-25 00:00:00,747140,35018,1652,BC,2,6,3,11,,c,Lecythidaceae ,Eschweilera,integrifolia,(Ruiz & Pav. ex Miers) R. Knuth,,0.6,,,,,,,,
164,24,2005-08-25 00:00:00,747140,35018,1652,BC,2,6,3,,"6,3,8",c,Rubiaceae,Psychotria,flaviflora,(K. Krause) C.M. Taylor,,1.7,,,,,,,,
165,24,2005-08-25 00:00:00,747140,35018,1652,BC,2,6,3,12,,c,Meliaceae,Ruagea,cf. pubescens,H. Karst.,,0.6,Hojas juveniles rojas,,,,,,,
166,24,2005-08-25 00:00:00,747140,35018,1652,BC,2,6,3,13,,c,Fab-Mimosoideae,Abarema,sp.,,,5,Peciola abultado,,,,,,,
167,24,2005-08-25 00:00:00,747140,35018,1652,BC,2,6,3,,"6,3,8",d,Rubiaceae,Psychotria,flaviflora,(K. Krause) C.M. Taylor,,1.6,Hojas blanquecinas,,,,,,,
168,24,2005-08-25 00:00:00,747140,35018,1652,BC,2,6,3,,"6,3,2",d,Melastomataceae,sp. 4,,,,1.2,,,,,,,,
169,24,2005-08-25 00:00:00,747140,35018,1652,BC,2,6,3,,"6,3,2",d,Melastomataceae,sp. 4,,,,0.7,,,,,,,,
170,24,2005-08-25 00:00:00,747140,35018,1652,BC,2,6,3,,"6,3,2",d,Melastomataceae,sp. 4,,,,0.7,,,,,,,,
171,24,2005-08-25 00:00:00,747140,35018,1652,BC,2,6,3,14,,d,Lauraceae,Rhodostemonodaphne,aff. cyclops,Madriñan,,1,,,,,,,,
172,24,2005-08-25 00:00:00,747140,35018,1652,BC,2,6,3,,"6,3,1",d,Myrtaceae ,Myrcia,splendens,(Sw.) DC.,,1.6,,,,,,,,
173,24,2005-08-25 00:00:00,747140,35018,1652,BC,2,6,3,,"6,3,2",d,Melastomataceae,sp. 4,,,,2,Hojas pubescentes,,,,,,,
174,24,2005-08-25 00:00:00,747140,35018,1652,BC,2,6,3,,"6,3,2",d,Melastomataceae,sp. 4,,,,1,,,,,,,,
175,24,2005-08-25 00:00:00,747140,35018,1652,BC,2,6,3,,"6,3,2",d,Melastomataceae,sp. 4,,,,0.5,Hojas blanquecinas,,,,,,,
176,24,2005-08-25 00:00:00,747140,35018,1652,BC,2,6,3,,"6,3,8",d,Rubiaceae,Psychotria,flaviflora,(K. Krause) C.M. Taylor,,1.1,,,,,,,,
177,24,2005-08-25 00:00:00,747140,35018,1652,BC,2,6,3,,"6,3,11",d,Fab-faboideae,sp.1,,,,1.5,,,,,,,,
178,24,2005-08-25 00:00:00,747140,35018,1652,BC,2,6,3,,"6,3,5",d,Arecaceae,sp.,,,,1.2,,,,,,,,
179,24,2005-08-25 00:00:00,747140,35018,1652,BC,2,6,3,15,,d,Lauraceae,Persea,pseudofasciculata,Kopp,,1.5,Envés rojo,,,,,,,
180,24.1,2005-08-25 00:00:00,747140,35018,1652,BC,2,6,3,16,,d,Meliaceae,Ruagea,cf. pubescens,H. Karst.,,1,Sin látex,,,,,,,
181,24.1,2005-08-25 00:00:00,747140,35018,1652,BC,2,6,3,,"6,3,2",d,Melastomataceae,sp. 4,,,,0.5,,,,,,,,
182,24.1,2005-08-25 00:00:00,747140,35018,1652,BC,2,6,3,17,,d,Myrsinaceae,Ardisia,cf. colombiana,Lundell,,1.5,,,,,,,,
183,38,2005-08-30 00:00:00,747223,34902,1643,BC,2,6,6,1,,a,Lauraceae,Endlicheria,sp.,,,1.6,Hojas pequeñas,,,,,,,
184,38,2005-08-30 00:00:00,747223,34902,1643,BC,2,6,6,,"6,6,1",a,Lauraceae,Endlicheria,sp.,,,1.1,Hojas pequeñas,,,,,,,
185,38,2005-08-30 00:00:00,747223,34902,1643,BC,2,6,6,2,,a,Melastomataceae,Miconia,dapsiliflora,Wurdack,,2,,,,,,,,
186,38,2005-08-30 00:00:00,747223,34902,1643,BC,2,6,6,,"6,6,2",a,Melastomataceae,Miconia,dapsiliflora,Wurdack,,1.2,,,,,,,,
187,38,2005-08-30 00:00:00,747223,34902,1643,BC,2,6,6,3,,a,Lauraceae,Rhodostemonodaphne,aff. cyclops,Madriñan,,1.3,,,,,,,,
188,38,2005-08-30 00:00:00,747223,34902,1643,BC,2,6,6,4,,a,Lauraceae,sp. 3,,,,1.1,Hojas blancas,,,,,,,
189,38,2005-08-30 00:00:00,747223,34902,1643,BC,2,6,6,5,,a,Rubiaceae,Psychotria,flaviflora,(K. Krause) C.M. Taylor,,1.2,,,,,,,,
190,38,2005-08-30 00:00:00,747223,34902,1643,BC,2,6,6,6,,b,Siparumaceae,Siparuna,laurifolia,(Kunth) A.DC.,,3,Hojas blancas,,,,,,,
191,38,2005-08-30 00:00:00,747223,34902,1643,BC,2,6,6,7,,b,Sapindaceae,Paullinia,capreolata,(Aubl.) Radlk.,,1.3,Trepadora,,,,,,,
192,38,2005-08-30 00:00:00,747223,34902,1643,BC,2,6,6,8,,b,Dichapetalaceae,Stephanopodium,longipedicellatum,Prance,,1.5,Brácteas largas,,,,,,,
193,38,2005-08-30 00:00:00,747223,34902,1643,BC,2,6,6,9,,b,Rubiaceae,Faramea,oblongifolia,Standl.,,4,,,,,,,,
194,38,2005-08-30 00:00:00,747223,34902,1643,BC,2,6,6,10,,b,Arecaceae,Hyospathe,elegans,Mart.,,1.6,,,,,,,,
195,"38, 1",2005-08-30 00:00:00,747223,34902,1643,BC,2,6,6,11,,c,Lecythidaceae ,Eschweilera,integrifolia,(Ruiz & Pav. ex Miers) R. Knuth,,1.4,Estípulas grandes,,,,,,,
196,"38, 1",2005-08-30 00:00:00,747223,34902,1643,BC,2,6,6,12,,c,Lauraceae,Ocotea ,aff. insularis,(Meisn.) Mez,,1.6,,,,,,,,
197,"38, 1",2005-08-30 00:00:00,747223,34902,1643,BC,2,6,6,13,,c,Myrtaceae ,Myrcia,cf. fallax,(Rich.) DC.,,2.1,Hoja plateada,,,,,,,
198,"38, 1",2005-08-30 00:00:00,747223,34902,1643,BC,2,6,6,14,,c,Lecythidaceae ,Eschweilera,integrifolia,(Ruiz & Pav. ex Miers) R. Knuth,,4.9,Hoja fibrosa,,,,,,,
199,"38, 1",2005-08-30 00:00:00,747223,34902,1643,BC,2,6,6,15,,c,Indeterminada,sp. 13,,,,4.5,Hoja pubescente,,,,,,,
200,"38, 1",2005-08-30 00:00:00,747223,34902,1643,BC,2,6,6,16,,c,Indeterminada,sp. 14,,,,3,Hoja pequeña,,,,,,,
201,"38, 1",2005-08-30 00:00:00,747223,34902,1643,BC,2,6,6,17,,c,Indeterminada,sp. 15,,,,1.5,Látex blanco,,,,,,,
202,"38, 1",2005-08-30 00:00:00,747223,34902,1643,BC,2,6,6,18,,c,Indeterminada,sp. 16,,,,1.8,,,,,,,,
203,"38, 1",2005-08-30 00:00:00,747223,34902,1643,BC,2,6,6,19,,c,Myrtaceae ,Myrcia,splendens,(Sw.) DC.,,2,,,,,,,,
204,"38, 1",2005-08-30 00:00:00,747223,34902,1643,BC,2,6,6,,"6,6,19",c,Myrtaceae ,Myrcia,splendens,(Sw.) DC.,,1.5,,,,,,,,
205,"38, 1",2005-08-30 00:00:00,747223,34902,1643,BC,2,6,6,,"6,6,16",d,Indeterminada,sp. 17,,,,2,Hoja pequeña,,,,,,,
206,"38, 1",2005-08-30 00:00:00,747223,34902,1643,BC,2,6,6,20,,d,Boraginaceae,Tournefortia ,cf. ramosissima,K. Krause,,2,Hoja grande,,,,,,,
207,"38, 1",2005-08-30 00:00:00,747223,34902,1643,BC,2,6,6,,"6,6,20",d,Boraginaceae,Tournefortia ,cf. ramosissima,K. Krause,,1.1,Hoja grande,,,,,,,
208,"38, 1",2005-08-30 00:00:00,747223,34902,1643,BC,2,6,6,,"6,6,5",d,Rubiaceae,Psychotria,flaviflora,(K. Krause) C.M. Taylor,,0.5,,,,,,,,
209,"38, 1",2005-08-30 00:00:00,747223,34902,1643,BC,2,6,6,,"6,6,5",d,Rubiaceae,Psychotria,flaviflora,(K. Krause) C.M. Taylor,,1.3,,,,,,,,
210,"38, 1",2005-08-30 00:00:00,747223,34902,1643,BC,2,6,6,21,,d,Piperaceae,Piper,cf. imperale,(Miq.) C. DC.,,1.6,Liana. Hojas opuestas,,,,,,,
211,"38, 1",2005-08-30 00:00:00,747223,34902,1643,BC,2,6,6,22,,d,Moraceae,Clarisia,biflora,Ruiz & Pav.,,1.5,Hojas simples. Corteza con muchas lenticelas,,,,,,,
212,"38, 1",2005-08-30 00:00:00,747223,34902,1643,BC,2,6,6,,"6,6,9",d,Rubiaceae,Faramea,oblongifolia,Standl.,,0.5,,,,,,,,
213,48,2005-09-14 00:00:00,747476,34668,1627,BC,2,6,9,1,,a,Rubiaceae,Elaeagia,karstenii,Standl.,,0.6,,,,,,,,
214,48,2005-09-14 00:00:00,747476,34668,1627,BC,2,6,9,,"6,9,1",a,Rubiaceae,Elaeagia,karstenii,Standl.,,1.6,,,,,,,,
215,48,2005-09-14 00:00:00,747476,34668,1627,BC,2,6,9,2,,a,Sapindaceae,Paullinia,capreolata,(Aubl.) Radlk.,,0.5,,,,,,,,
216,48,2005-09-14 00:00:00,747476,34668,1627,BC,2,6,9,3,,a,Lauraceae,sp. 2,,,,1.2,,,,,,,,
217,48,2005-09-14 00:00:00,747476,34668,1627,BC,2,6,9,4,,a,Arecaceae,Aiphanes,erinaceae,(H. Karst.) H. Wendl.,,0.7,Hojas pubescentes,,,,,,,
218,48,2005-09-14 00:00:00,747476,34668,1627,BC,2,6,9,5,,a,Burseraceae,Dacryodes,cupularis,Cuatrec.,,1.3,,,,,,,,
219,48,2005-09-14 00:00:00,747476,34668,1627,BC,2,6,9,6,,a,Melastomataceae,Meriania,finicola,Wurdack,,1,Tallo con espinas,,,,,,,
220,48,2005-09-14 00:00:00,747476,34668,1627,BC,2,6,9,7,,b,Malvaceae,sp.,,,,4,,,,,,,,
221,48,2005-09-14 00:00:00,747476,34668,1627,BC,2,6,9,8,,b,Chrysobalanaceae,Licania,durifolia,Cuatrec.,,1.3,,,,,,,,
222,48,2005-09-14 00:00:00,747476,34668,1627,BC,2,6,9,9,,b,Lauraceae,Pleurothyrium,glabritepalum,van der Werff,,0.5,,,,,,,,
223,48,2005-09-14 00:00:00,747476,34668,1627,BC,2,6,9,,"6,9,1",b,Rubiaceae,Elaeagia,karstenii,Standl.,,0.5,,,,,,,,
224,48,2005-09-14 00:00:00,747476,34668,1627,BC,2,6,9,,"6,9,1",b,Rubiaceae,Elaeagia,karstenii,Standl.,,0.6,,,,,,,,
225,48,2005-09-14 00:00:00,747476,34668,1627,BC,2,6,9,10,,b,Indeterminada,sp. 18,,,,0.6,,,,,,,,
226,48,2005-09-14 00:00:00,747476,34668,1627,BC,2,6,9,11,,c,Indeterminada,sp. 19,,,,4,,,,,,,,
227,48,2005-09-14 00:00:00,747476,34668,1627,BC,2,6,9,12,,c,Indeterminada,sp. 20,,,,1.4,Hoja peltada,,,,,,,
228,48,2005-09-14 00:00:00,747476,34668,1627,BC,2,6,9,13,,c,Myrtaceae ,Myrcia,cf. fallax,(Rich.) DC.,,1.4,Hoja envés blanco,,,,,,,
229,48,2005-09-14 00:00:00,747476,34668,1627,BC,2,6,9,14,,c,Lauraceae,Persea,pseudofasciculata,Kopp,,1.4,,,,,,,,
230,48,2005-09-14 00:00:00,747476,34668,1627,BC,2,6,9,,"6,9,14",c,Lauraceae,Persea,pseudofasciculata,Kopp,,0.5,,,,,,,,
231,48,2005-09-14 00:00:00,747476,34668,1627,BC,2,6,9,,"6,9,14",c,Lauraceae,Persea,pseudofasciculata,Kopp,,0.5,,,,,,,,
232,48,2005-09-14 00:00:00,747476,34668,1627,BC,2,6,9,15,,c,Rubiaceae,Palicourea,acanthacea,Standl. ex C.M. Taylor,,0.5,Hoja ancha,,,,,,,
233,48,2005-09-14 00:00:00,747476,34668,1627,BC,2,6,9,,"6,9,1",c,Rubiaceae,Elaeagia,karstenii,Standl.,,0.5,,,,,,,,
234,48,2005-09-14 00:00:00,747476,34668,1627,BC,2,6,9,,"6,9,3",d,Lauraceae,sp. 2,,,,1.7,,,,,,,,
235,48,2005-09-14 00:00:00,747476,34668,1627,BC,2,6,9,,"6,9,1",d,Rubiaceae,Elaeagia,karstenii,Standl.,,0.7,,,,,,,,
236,48,2005-09-14 00:00:00,747476,34668,1627,BC,2,6,9,,"6,9,1",d,Rubiaceae,Elaeagia,karstenii,Standl.,,0.8,,,,,,,,
237,48,2005-09-14 00:00:00,747476,34668,1627,BC,2,6,9,16,,d,Moraceae,Pseudolmedia,rigida,(Klotzsch & H. Karst.) Cuatrec.,,0.9,,,,,,,,
238,54,2005-09-20 00:00:00,746328,32272,1642,BC,3,8,3,1,,a,Cyatheaceae,Alsophila,erinacea,(H. Karst.) D.S. Conant,,1.2,,,,,,,,
239,54,2005-09-20 00:00:00,746328,32272,1642,BC,3,8,3,2,,a,Rubiaceae,Palicourea,acanthacea,Standl. ex C.M. Taylor,,0.7,Ápice alargado,,,,,,,
240,54,2005-09-20 00:00:00,746328,32272,1642,BC,3,8,3,3,,a,Flacourtiaceae,Casearia,cajambrensis,Cuatrec.,,1,Hoja blanca,,,,,,,
241,54,2005-09-20 00:00:00,746328,32272,1642,BC,3,8,3,4,,a,Rubiaceae,Faramea,oblongifolia,Standl.,,1.1,,,,,,,,
242,54,2005-09-20 00:00:00,746328,32272,1642,BC,3,8,3,,"8,3,4",a,Rubiaceae,Faramea,oblongifolia,Standl.,,1.4,,,,,,,,
243,54,2005-09-20 00:00:00,746328,32272,1642,BC,3,8,3,5,,a,Arecaceae,Hyospathe,elegans,Mart.,,0.5,Hoja ancha,,,,,,,
244,54,2005-09-20 00:00:00,746328,32272,1642,BC,3,8,3,6,,a,Melastomataceae,Meriania,tomentosa,(Cong.) Wurdack,,1,Estípula grande,,,,,,,
245,54,2005-09-20 00:00:00,746328,32272,1642,BC,3,8,3,,"8,3,6",a,Melastomataceae,Meriania,tomentosa,(Cong.) Wurdack,,1.5,Estípula grande,,,,,,,
246,54,2005-09-20 00:00:00,746328,32272,1642,BC,3,8,3,,"8,3,6",a,Melastomataceae,Meriania,tomentosa,(Cong.) Wurdack,,0.8,Estípula grande,,,,,,,
247,54,2005-09-20 00:00:00,746328,32272,1642,BC,3,8,3,,"8,3,6",a,Melastomataceae,Meriania,tomentosa,(Cong.) Wurdack,,2,Estípula grande,,,,,,,
248,54,2005-09-20 00:00:00,746328,32272,1642,BC,3,8,3,7,,a,Moraceae,Clarisia,biflora,Ruiz & Pav.,Parecido a flacourtiaceae,1,,,,,,,,
249,54,2005-09-20 00:00:00,746328,32272,1642,BC,3,8,3,8,,a,Lauraceae,Persea,pseudofasciculata,Kopp,Pagche,2.5,,,,,,,,
250,54,2005-09-20 00:00:00,746328,32272,1642,BC,3,8,3,,"8,3,4",a,Rubiaceae,Faramea,oblongifolia,Standl.,,0.5,Estípula caduca,,,,,,,
251,54,2005-09-20 00:00:00,746328,32272,1642,BC,3,8,3,9,,a,Lecythidaceae ,Eschweilera,integrifolia,(Ruiz & Pav. ex Miers) R. Knuth,,1.2,,,,,,,,
252,54,2005-09-20 00:00:00,746328,32272,1642,BC,3,8,3,10,,a,Olacaceae,Heisteria,sp.,,,1.1,,,,,,,,
253,54,2005-09-20 00:00:00,746328,32272,1642,BC,3,8,3,11,,a,Melastomataceae,Meriania,finicola,Wurdack,Morochillo,0.9,,Hoja pequeña,,,,,,
254,54,2005-09-20 00:00:00,746328,32272,1642,BC,3,8,3,12,,a,Lauraceae,Endlicheria,sp.,,Palmito,1,,,,,,,,
255,54,2005-09-20 00:00:00,746328,32272,1642,BC,3,8,3,,"8,3,6",b,Melastomataceae,Meriania,tomentosa,(Cong.) Wurdack,,0.9,Estípulas grandes,,,,,,,
256,54,2005-09-20 00:00:00,746328,32272,1642,BC,3,8,3,,"8,3,6",b,Melastomataceae,Meriania,tomentosa,(Cong.) Wurdack,,1.2,Estípulas grandes,,,,,,,
257,54,2005-09-20 00:00:00,746328,32272,1642,BC,3,8,3,,"8,3,6",b,Melastomataceae,Meriania,tomentosa,(Cong.) Wurdack,,2.5,Estípulas grandes,,,,,,,
258,54,2005-09-20 00:00:00,746328,32272,1642,BC,3,8,3,,"8,3,3",b,Flacourtiaceae,Casearia,cajambrensis,Cuatrec.,,0.5,Hoja blanca,,,,,,,
259,54,2005-09-20 00:00:00,746328,32272,1642,BC,3,8,3,,"8,3,3",b,Flacourtiaceae,Casearia,cajambrensis,Cuatrec.,,0.6,Hoja blanca,,,,,,,
260,54,2005-09-20 00:00:00,746328,32272,1642,BC,3,8,3,,"8,3,3",b,Flacourtiaceae,Casearia,cajambrensis,Cuatrec.,,0.5,Hoja blanca,,,,,,,
261,54,2005-09-20 00:00:00,746328,32272,1642,BC,3,8,3,,"8,3,3",b,Flacourtiaceae,Casearia,cajambrensis,Cuatrec.,,1.1,Hoja grande,,,,,,,
262,54,2005-09-20 00:00:00,746328,32272,1642,BC,3,8,3,13,,b,Lauraceae,Ocotea ,aff. insularis,(Meisn.) Mez,,1.3,Estípula triangular,,,,,,,
263,54,2005-09-20 00:00:00,746328,32272,1642,BC,3,8,3,14,,c,Rubiaceae,Faramea,oblongifolia,Standl.,,0.9,,,,,,,,
264,54,2005-09-20 00:00:00,746328,32272,1642,BC,3,8,3,,"8,3,14",c,Rubiaceae,Faramea,oblongifolia,Standl.,,1,,,,,,,,
265,54,2005-09-20 00:00:00,746328,32272,1642,BC,3,8,3,15,,c,Ericaceae,Psammisia,sodiroi,Hoerold,,3,,,,,,,,
266,54,2005-09-20 00:00:00,746328,32272,1642,BC,3,8,3,,"8,3,15",c,Ericaceae,Psammisia,sodiroi,Hoerold,,0.5,,,,,,,,
267,54,2005-09-20 00:00:00,746328,32272,1642,BC,3,8,3,16,,c,Lecythidaceae ,Eschweilera,rimbachii,Standl.,"Parecido a annonaceae. Peciolo abultado, grueso",5,,,,,,,,
268,54,2005-09-20 00:00:00,746328,32272,1642,BC,3,8,3,,"8,3,3",c,Flacourtiaceae,Casearia,cajambrensis,Cuatrec.,,0.5,Hoja blanca,,,,,,,
269,54,2005-09-20 00:00:00,746328,32272,1642,BC,3,8,3,17,,d,Clusiaceae,Clusia,aff. dixonii,Little,,2.5,Hoja pequeña,,,,,,,
270,54,2005-09-20 00:00:00,746328,32272,1642,BC,3,8,3,,"8,3,3",d,Flacourtiaceae,Casearia,cajambrensis,Cuatrec.,,0.5,Hoja blanca,,,,,,,
271,54,2005-09-20 00:00:00,746328,32272,1642,BC,3,8,3,18,,d,Clusiaceae,Chrysochlamys,dependens,Planch. & Triana,,4,,,,,,,,
272,54,2005-09-20 00:00:00,746328,32272,1642,BC,3,8,3,19,,d,Ochnaceae,Ouratea,aff. weberbaueri,Sleumer,,2,Estípula con 4 bordes,,,,,,,
273,54,2005-09-20 00:00:00,746328,32272,1642,BC,3,8,3,,"8,3,19",d,Ochnaceae,Ouratea,aff. weberbaueri,Sleumer,,2.5,Estípula con 4 bordes,,,,,,,
274,54,2005-09-20 00:00:00,746328,32272,1642,BC,3,8,3,,"8,3,15",d,Ericaceae,Psammisia,sodiroi,Hoerold,,1,,,,,,,,
275,54,2005-09-20 00:00:00,746328,32272,1642,BC,3,8,3,,"8,3,16",d,Lecythidaceae ,Eschweilera,rimbachii,Standl.,Parecedo a annonaceae,0.5,,,,,,,,
276,54,2005-09-20 00:00:00,746328,32272,1642,BC,3,8,3,20,,d,Melastomataceae,Meriania,finicola,Wurdack,,5,Con espinas,,,,,,,
277,54,2005-09-20 00:00:00,746328,32272,1642,BC,3,8,3,21,,d,Myrtaceae ,Eugenia,florida,DC. ,Parecida a lauraceae. Hojas redondeadas,4.5,,,,,,,,
278,59,2005-09-22 00:00:00,746271,32984,1519,BC,3,8,6,,"8,6,6",d,Lauraceae,Ocotea ,aff. insularis,(Meisn.) Mez,,1,Estípulas grandes,,,,,,,
279,59,2005-09-22 00:00:00,746271,32984,1519,BC,3,8,6,,"8,6,1",d,Violaceae,Gloeospermum,longifolium,Hekking,,1,Hoja blanca,,,,,,,
280,59,2005-09-22 00:00:00,746271,32984,1519,BC,3,8,6,,"8,6,1",d,Violaceae,Gloeospermum,longifolium,Hekking,,0.6,Hoja blanca,,,,,,,
281,59,2005-09-22 00:00:00,746271,32984,1519,BC,3,8,6,18,,d,Rubiaceae,Psychotria,flaviflora,(K. Krause) C.M. Taylor,,1.5,Hoja grande,,,,,,,
282,59,2005-09-22 00:00:00,746271,32984,1519,BC,3,8,6,,"8,6,18",d,Rubiaceae,Psychotria,flaviflora,(K. Krause) C.M. Taylor,,2,Hoja grande,,,,,,,
283,59,2005-09-22 00:00:00,746271,32984,1519,BC,3,8,6,19,,d,Sabiaceae,Meliosma,aff. occidentalis,Cuatrec.,,1.5,,,,,,,,
284,59,2005-09-22 00:00:00,746271,32984,1519,BC,3,8,6,,"8,6,19",d,Sabiaceae,Meliosma,aff. occidentalis,Cuatrec.,,0.8,,,,,,,,
285,59,2005-09-22 00:00:00,746271,32984,1519,BC,3,8,6,,"8,6,6",d,Lauraceae,Ocotea ,aff. insularis,(Meisn.) Mez,,1.1,Estípula alargada,,,,,,,
286,59,2005-09-22 00:00:00,746271,32984,1519,BC,3,8,6,,"8,6,6",d,Lauraceae,Ocotea ,aff. insularis,(Meisn.) Mez,,1,Estípula alargada,,,,,,,
287,59,2005-09-22 00:00:00,746271,32984,1519,BC,3,8,6,,"8,6,4",d,Melastomataceae,Meriania,finicola,Wurdack,Morochillo,0.8,,,,,,,,
288,59,2005-09-22 00:00:00,746271,32984,1519,BC,3,8,6,,"8,6,4",d,Melastomataceae,Meriania,finicola,Wurdack,Morochillo,0.5,,,,,,,,
289,59,2005-09-22 00:00:00,746271,32984,1519,BC,3,8,6,,"8,6,4",d,Melastomataceae,Meriania,finicola,Wurdack,Morochillo,0.6,,,,,,,,
290,59,2005-09-22 00:00:00,746271,32984,1519,BC,3,8,6,,"8,6,4",d,Melastomataceae,Meriania,finicola,Wurdack,Morochillo,2.1,,,,,,,,
291,59,2005-09-22 00:00:00,746271,32984,1519,BC,3,8,6,,"8,6,13",d,Lecythidaceae ,Eschweilera,integrifolia,(Ruiz & Pav. ex Miers) R. Knuth,,1,Liana,,,,,,,
292,59,2005-09-22 00:00:00,746271,32984,1519,BC,3,8,6,,"8,6,13",d,Lecythidaceae ,Eschweilera,integrifolia,(Ruiz & Pav. ex Miers) R. Knuth,,1.1,Liana,,,,,,,
293,59,2005-09-22 00:00:00,746271,32984,1519,BC,3,8,6,20,,d,Melastomataceae,Conostegia,superba,D. Don ex Naudin,,0.9,Hojas delgadas con dentaciones,,,,,,,
294,59,2005-09-22 00:00:00,746271,32984,1519,BC,3,8,6,,"8,6,20",d,Melastomataceae,Conostegia,superba,D. Don ex Naudin,,2,Hojas delgadas con dentaciones,,,,,,,
295,59,2005-09-22 00:00:00,746271,32984,1519,BC,3,8,6,,"8,6,11",d,Rubiaceae,Palicourea,acanthacea,Standl. ex C.M. Taylor,Medroño,2.6,,,,,,,,
296,59,2005-09-22 00:00:00,746271,32984,1519,BC,3,8,6,21,,d,Sapindaceae,Paullinia,capreolata,(Aubl.) Radlk.,,5,,,,,,,,
297,59,2005-09-22 00:00:00,746271,32984,1519,BC,3,8,6,,"8,6,12",d,Lauraceae,Rhodostemonodaphne,aff. cyclops,Madriñan,Pagche,1.3,,,,,,,,
298,59,2005-09-22 00:00:00,746271,32984,1519,BC,3,8,6,1,,a ,Violaceae,Gloeospermum,longifolium,Hekking,,0.9,Hoja blanca,,,,,,,
299,59,2005-09-22 00:00:00,746271,32984,1519,BC,3,8,6,,"8,6,1",a ,Violaceae,Gloeospermum,longifolium,Hekking,,0.7,Hoja blanca,,,,,,,
300,59,2005-09-22 00:00:00,746271,32984,1519,BC,3,8,6,2,,a ,Lauraceae,Beilschmedia,sp.,,,2.5,Hoja pubescente,,,,,,,
301,59,2005-09-22 00:00:00,746271,32984,1519,BC,3,8,6,3,,a ,Lauraceae,Ocotea ,aff. insularis,(Meisn.) Mez,,2,Parecido a annonaceae,,,,,,,
302,59,2005-09-22 00:00:00,746271,32984,1519,BC,3,8,6,4,,a ,Melastomataceae,Meriania,finicola,Wurdack,Morochillo,0.5,,,,,,,,
303,59,2005-09-22 00:00:00,746271,32984,1519,BC,3,8,6,,"8,6,4",a ,Melastomataceae,Meriania,finicola,Wurdack,Morochillo,0.6,,,,,,,,
304,59,2005-09-22 00:00:00,746271,32984,1519,BC,3,8,6,,"8,6,4",a ,Melastomataceae,Meriania,finicola,Wurdack,Morochillo,1.5,,,,,,,,
305,59,2005-09-22 00:00:00,746271,32984,1519,BC,3,8,6,5,,a ,Lauraceae,Persea,pseudofasciculata,Kopp,,0.5,Hoja grande (peciolo morado),,,,,,,
306,59,2005-09-22 00:00:00,746271,32984,1519,BC,3,8,6,,"8,6,5",a ,Lauraceae,Persea,pseudofasciculata,Kopp,,2.3,Hoja grande (peciolo morado),,,,,,,
307,59,2005-09-22 00:00:00,746271,32984,1519,BC,3,8,6,,"8,6,5",a ,Lauraceae,Persea,pseudofasciculata,Kopp,,0.6,Hoja grande (peciolo morado),,,,,,,
308,59,2005-09-22 00:00:00,746271,32984,1519,BC,3,8,6,,"8,6,5",a ,Lauraceae,Persea,pseudofasciculata,Kopp,,1.1,Hoja grande (peciolo morado),,,,,,,
309,59,2005-09-22 00:00:00,746271,32984,1519,BC,3,8,6,6,,a ,Lauraceae,Ocotea ,aff. insularis,(Meisn.) Mez,,0.9,Estípula alargada,,,,,,,
310,59,2005-09-22 00:00:00,746271,32984,1519,BC,3,8,6,7,,a ,Rubiaceae,Palicourea,sp.,,,0.5,,,,,,,,
311,59,2005-09-22 00:00:00,746271,32984,1519,BC,3,8,6,8,,a ,Araliaceae,Schefflera,lasiogyne,Harms,,2.3,,,,,,,,
312,59,2005-09-22 00:00:00,746271,32984,1519,BC,3,8,6,,"8,6,8",a ,Araliaceae,Schefflera,lasiogyne,Harms,,2,,,,,,,,
313,59,2005-09-22 00:00:00,746271,32984,1519,BC,3,8,6,9,,a ,Rubiaceae,Psychotria,flaviflora,(K. Krause) C.M. Taylor,,2,Hojas opuestas,,,,,,,
314,59,2005-09-22 00:00:00,746271,32984,1519,BC,3,8,6,10,,a ,Lauraceae,Ocotea ,aff. insularis,(Meisn.) Mez,,3,Tallos cuadrados,,,,,,,
315,59,2005-09-22 00:00:00,746271,32984,1519,BC,3,8,6,11,,a ,Clusiaceae,Garcinia,macrophylla,Mart.,Madroño,1,,,,,,,,
316,59,2005-09-22 00:00:00,746271,32984,1519,BC,3,8,6,12,,a ,Lauraceae,Rhodostemonodaphne,aff. cyclops,Madriñan,Pagche,0.9,,,,,,,,
317,59,2005-09-22 00:00:00,746271,32984,1519,BC,3,8,6,,"8,6,12",b,Lauraceae,Rhodostemonodaphne,aff. cyclops,Madriñan,Pagche,1,,,,,,,,
318,59,2005-09-22 00:00:00,746271,32984,1519,BC,3,8,6,13,,b,Lecythidaceae ,Eschweilera,integrifolia,(Ruiz & Pav. ex Miers) R. Knuth,,0.6,,,,,,,,
319,59,2005-09-22 00:00:00,746271,32984,1519,BC,3,8,6,,"8,6,13",b,Lecythidaceae ,Eschweilera,integrifolia,(Ruiz & Pav. ex Miers) R. Knuth,,0.7,,,,,,,,
320,59,2005-09-22 00:00:00,746271,32984,1519,BC,3,8,6,,"8,6,10",b,Lauraceae,Ocotea ,aff. insularis,(Meisn.) Mez,,2.5,Tallos cuadrados,,,,,,,
321,59,2005-09-22 00:00:00,746271,32984,1519,BC,3,8,6,,"8,6,10",b,Lauraceae,Ocotea ,aff. insularis,(Meisn.) Mez,,1.5,Tallos cuadrados,,,,,,,
322,59,2005-09-22 00:00:00,746271,32984,1519,BC,3,8,6,14,,b,Rubiaceae,Faramea,oblongifolia,Standl.,,1.5,Estípulas grandes. Hojas parte terminal,,,,,,,
323,59,2005-09-22 00:00:00,746271,32984,1519,BC,3,8,6,,"8,6,4",b,Melastomataceae,Meriania,finicola,Wurdack,Morochillo,2,,,,,,,,
324,59,2005-09-22 00:00:00,746271,32984,1519,BC,3,8,6,,"8,6,4",b,Melastomataceae,Meriania,finicola,Wurdack,Morochillo,2.5,,,,,,,,
325,59,2005-09-22 00:00:00,746271,32984,1519,BC,3,8,6,15,,b,Myrtaceae ,Myrcia,cf. aliena,Mc Vaugh,Parecido a Pagche,3.5,,,,,,,,
326,59,2005-09-22 00:00:00,746271,32984,1519,BC,3,8,6,16,,b,Rubiaceae,Elaeagia,karstenii,Standl.,,0.7,,,,,,,,
327,59,2005-09-22 00:00:00,746271,32984,1519,BC,3,8,6,,"8,6,8",b,Araliaceae,Schefflera,lasiogyne,Harms,,3.5,,,,,,,,
328,59,2005-09-22 00:00:00,746271,32984,1519,BC,3,8,6,,"8,6,5",c,Lauraceae,Persea,pseudofasciculata,Kopp,,1.1,Hoja grande (peciolo morado),,,,,,,
329,59,2005-09-22 00:00:00,746271,32984,1519,BC,3,8,6,,"8,6,5",c,Lauraceae,Persea,pseudofasciculata,Kopp,,0.5,Hoja grande (peciolo morado),,,,,,,
330,59,2005-09-22 00:00:00,746271,32984,1519,BC,3,8,6,17,,c,Sapindaceae,Paullinia,capreolata,(Aubl.) Radlk.,,5,,,,,,,,
331,59,2005-09-22 00:00:00,746271,32984,1519,BC,3,8,6,,"8,6,8",c,Araliaceae,Schefflera,lasiogyne,Harms,,1.3,,,,,,,,
332,59,2005-09-22 00:00:00,746271,32984,1519,BC,3,8,6,,"8,6,8",c,Araliaceae,Schefflera,lasiogyne,Harms,,1,,,,,,,,
333,59,2005-09-22 00:00:00,746271,32984,1519,BC,3,8,6,,"8,6,8",c,Araliaceae,Schefflera,lasiogyne,Harms,,0.9,,,,,,,,
334,59,2005-09-22 00:00:00,746271,32984,1519,BC,3,8,6,,"8,6,12",c,Lauraceae,Rhodostemonodaphne,aff. cyclops,Madriñan,Pagche,1.1,,,,,,,,
335,58,2005-09-22 00:00:00,746436,32990,1484,BC,3,8,9,1,,a ,Melastomataceae,Meriania,finicola,Wurdack,Morochillo,2,,,,,,,,
336,58,2005-09-22 00:00:00,746436,32990,1484,BC,3,8,9,2,,a ,Melastomataceae,Conostegia,aff. centronioides,Markgr.,,1,,,,,,,,
337,58,2005-09-22 00:00:00,746436,32990,1484,BC,3,8,9,,"8,9,2",a ,Melastomataceae,Conostegia,aff. centronioides,Markgr.,,0.5,,,,,,,,
338,58,2005-09-22 00:00:00,746436,32990,1484,BC,3,8,9,,"8,9,2",a ,Melastomataceae,Conostegia,aff. centronioides,Markgr.,,1.5,,,,,,,,
339,58,2005-09-22 00:00:00,746436,32990,1484,BC,3,8,9,3,,a ,Rubiaceae,Palicourea,cf. stipularis,Benth.,,1.3,Hojas verticiladas,,,,,,,
340,58,2005-09-22 00:00:00,746436,32990,1484,BC,3,8,9,4,,a ,Meliaceae,Guarea,kunthiana,A. Juss.,,1,Hoja redondeada,,,,,,,
341,58,2005-09-22 00:00:00,746436,32990,1484,BC,3,8,9,,"8,9,4",a ,Meliaceae,Guarea,kunthiana,A. Juss.,,0.6,Hoja redondeada,,,,,,,
342,58,2005-09-22 00:00:00,746436,32990,1484,BC,3,8,9,5,,a ,Lauraceae,sp. 3,,,,0.9,Hoja alargada. Peciolo rojo,,,,,,,
343,58,2005-09-22 00:00:00,746436,32990,1484,BC,3,8,9,6,,a ,Indeterminada,sp. 4,,,,0.5,,,,,,,,
344,58,2005-09-22 00:00:00,746436,32990,1484,BC,3,8,9,,"8,9,6",a ,Indeterminada,sp. 4,,,,0.6,,,,,,,,
345,58,2005-09-22 00:00:00,746436,32990,1484,BC,3,8,9,7,,a ,Lecythidaceae ,Eschweilera,integrifolia,(Ruiz & Pav. ex Miers) R. Knuth,,1,,,,,,,,
346,58,2005-09-22 00:00:00,746436,32990,1484,BC,3,8,9,8,,a ,Lecythidaceae ,Gustavia,dodsonii,S.A. Mori,,0.5,Envés blanco,,,,,,,
347,58,2005-09-22 00:00:00,746436,32990,1484,BC,3,8,9,9,,a ,Clusiaceae,Garcinia,macrophylla,Mart.,Madroño,0.6,,,,,,,,
348,58,2005-09-22 00:00:00,746436,32990,1484,BC,3,8,9,,"8,9,4",b,Meliaceae,Guarea,kunthiana,A. Juss.,,0.8,Hoja redondeada,,,,,,,
349,58,2005-09-22 00:00:00,746436,32990,1484,BC,3,8,9,,"8,9,9",b,Clusiaceae,Garcinia,macrophylla,Mart.,Madroño,0.6,,,,,,,,
350,58,2005-09-22 00:00:00,746436,32990,1484,BC,3,8,9,,"8,9,5",b,Lauraceae,sp. 3,,,,0.5,Hoja alargada. Peciolo rojo,,,,,,,
351,58,2005-09-22 00:00:00,746436,32990,1484,BC,3,8,9,,"8,9,5",b,Lauraceae,sp. 3,,,,0.6,Hoja alargada. Peciolo rojo,,,,,,,
352,58,2005-09-22 00:00:00,746436,32990,1484,BC,3,8,9,,"8,9,5",b,Lauraceae,sp. 3,,,,0.7,Hoja alargada. Peciolo rojo,,,,,,,
353,58,2005-09-22 00:00:00,746436,32990,1484,BC,3,8,9,,"8,9,5",b,Lauraceae,sp. 3,,,,1.3,Hoja alargada. Peciolo rojo,,,,,,,
354,58,2005-09-22 00:00:00,746436,32990,1484,BC,3,8,9,,"8,9,2",b,Melastomataceae,Conostegia,aff. centronioides,Markgr.,,1.1,,,,,,,,
355,58,2005-09-22 00:00:00,746436,32990,1484,BC,3,8,9,,"8,9,2",b,Melastomataceae,Conostegia,aff. centronioides,Markgr.,,1.2,,,,,,,,
356,58,2005-09-22 00:00:00,746436,32990,1484,BC,3,8,9,,"8,9,2",b,Melastomataceae,Conostegia,aff. centronioides,Markgr.,,1.15,,,,,,,,
357,58,2005-09-22 00:00:00,746436,32990,1484,BC,3,8,9,,"8,9,5",b,Lauraceae,sp. 3,,,,1.3,Hoja alargada. Peciolo rojo,,,,,,,
358,58,2005-09-22 00:00:00,746436,32990,1484,BC,3,8,9,,"8,9,5",b,Lauraceae,sp. 3,,,,1,Hoja alargada. Peciolo rojo,,,,,,,
359,58,2005-09-22 00:00:00,746436,32990,1484,BC,3,8,9,,"8,9,5",b,Lauraceae,sp. 3,,,,0.5,Hoja alargada. Peciolo rojo,,,,,,,
360,58,2005-09-22 00:00:00,746436,32990,1484,BC,3,8,9,,"8,9,5",b,Lauraceae,sp. 3,,,,0.7,Hoja alargada. Peciolo rojo,,,,,,,
361,58,2005-09-22 00:00:00,746436,32990,1484,BC,3,8,9,,"8,9,5",b,Lauraceae,sp. 3,,,,0.8,Hoja alargada. Peciolo rojo,,,,,,,
362,58,2005-09-22 00:00:00,746436,32990,1484,BC,3,8,9,10,,b,Myrtaceae ,Myrcia,cf. fallax,(Rich.) DC.,,0.6,,,,,,,,
363,58,2005-09-22 00:00:00,746436,32990,1484,BC,3,8,9,11,,b,Annonaceae,sp.,,,,0.5,Hoja blanca,,,,,,,
364,58,2005-09-22 00:00:00,746436,32990,1484,BC,3,8,9,12,,b,Lauraceae,Beilschmedia,alloiophylla,(Rusby) Kosterm.,,0.8,,,,,,,,
365,58,2005-09-22 00:00:00,746436,32990,1484,BC,3,8,9,13,,b,Lauraceae,Persea,pseudofasciculata,Kopp,,0.8,Hoja grande. Peciolo alargado,,,,,,,
366,58,2005-09-22 00:00:00,746436,32990,1484,BC,3,8,9,,"8,9,13",b,Lauraceae,Persea,pseudofasciculata,Kopp,,0.6,Hoja grande. Peciolo alargado,,,,,,,
367,58,2005-09-22 00:00:00,746436,32990,1484,BC,3,8,9,14,,b,Burseraceae,Dacryodes,cupularis,Cuatrec.,Copal,2,,,,,,,,
368,58,2005-09-22 00:00:00,746436,32990,1484,BC,3,8,9,15,,b,Myristicaceae,Otoba,gordoniifolia,(A. DC.) A.H. Gentry,Pagche,1.5,,,,,,,,
369,58,2005-09-22 00:00:00,746436,32990,1484,BC,3,8,9,16,,b,Melastomataceae,Conostegia,superba,D. Don ex Naudin,,0.6,2 foliolos,,,,,,,
370,58,2005-09-22 00:00:00,746436,32990,1484,BC,3,8,9,,"8,9,2",c,Melastomataceae,Conostegia,aff. centronioides,Markgr.,,1.3,,,,,,,,
371,58,2005-09-22 00:00:00,746436,32990,1484,BC,3,8,9,,"8,9,2",c,Melastomataceae,Conostegia,aff. centronioides,Markgr.,,1.7,,,,,,,,
372,58,2005-09-22 00:00:00,746436,32990,1484,BC,3,8,9,,"8,9,2",c,Melastomataceae,Conostegia,aff. centronioides,Markgr.,,1.5,,,,,,,,
373,58,2005-09-22 00:00:00,746436,32990,1484,BC,3,8,9,,"8,9,9",c,Clusiaceae,Garcinia,macrophylla,Mart.,Madroño,5,,,,,,,,
374,58,2005-09-22 00:00:00,746436,32990,1484,BC,3,8,9,,"8,9,9",c,Clusiaceae,Garcinia,macrophylla,Mart.,Madroño,4.5,,,,,,,,
375,58,2005-09-22 00:00:00,746436,32990,1484,BC,3,8,9,,"8,9,1",c,Melastomataceae,Meriania,finicola,Wurdack,Morochillo,1,,,,,,,,
376,58,2005-09-22 00:00:00,746436,32990,1484,BC,3,8,9,,"8,9,11",c,Annonaceae,sp.,,,,0.7,Hoja blanca,,,,,,,
377,58,2005-09-22 00:00:00,746436,32990,1484,BC,3,8,9,17,,c,Moraceae,Clarisia,biflora,Ruiz & Pav.,,1.1,Bracteas triangulares ,,,,,,,
378,58,2005-09-22 00:00:00,746436,32990,1484,BC,3,8,9,18,,c,Lecythidaceae ,Eschweilera,rimbachii,Standl.,,2.3,,,,,,,,
379,58,2005-09-22 00:00:00,746436,32990,1484,BC,3,8,9,19,,c,Rubiaceae,Psychotria,flaviflora,(K. Krause) C.M. Taylor,,1.1,,,,,,,,
380,58,2005-09-22 00:00:00,746436,32990,1484,BC,3,8,9,,"8,9,12",c,Lauraceae,Beilschmedia,alloiophylla,(Rusby) Kosterm.,,0.5,,,,,,,,
381,58,2005-09-22 00:00:00,746436,32990,1484,BC,3,8,9,,"8,9,13",c,Lauraceae,Persea,pseudofasciculata,Kopp,,1.1,Hoja grande. Peciolo alargado,,,,,,,
382,58,2005-09-22 00:00:00,746436,32990,1484,BC,3,8,9,20,,c,Sapindaceae,Paullinia,capreolata,(Aubl.) Radlk.,,2.3,Estípula grande,,,,,,,
383,58,2005-09-22 00:00:00,746436,32990,1484,BC,3,8,9,21,,c,Rubiaceae,Faramea,oblongifolia,Standl.,,1.1,,,,,,,,
384,58,2005-09-22 00:00:00,746436,32990,1484,BC,3,8,9,22,,d,Sabiaceae,Meliosma,aff. occidentalis,Cuatrec.,,2.5,,,,,,,,
385,58,2005-09-22 00:00:00,746436,32990,1484,BC,3,8,9,,"8,9,12",d,Lauraceae,Beilschmedia,alloiophylla,(Rusby) Kosterm.,,1,Trifoliada,,,,,,,
386,58,2005-09-22 00:00:00,746436,32990,1484,BC,3,8,9,,"8,9,9",d,Clusiaceae,Garcinia,macrophylla,Mart.,Madroño,0.5,,,,,,,,
387,58,2005-09-22 00:00:00,746436,32990,1484,BC,3,8,9,,"8,9,11",d,Annonaceae,sp.,,,,0.8,Hoja blanca,,,,,,,
388,58,2005-09-22 00:00:00,746436,32990,1484,BC,3,8,9,,"8,9,11",d,Annonaceae,sp.,,,,0.6,Hoja blanca,,,,,,,
389,58,2005-09-22 00:00:00,746436,32990,1484,BC,3,8,9,,"8,9,2",d,Melastomataceae,Conostegia,aff. centronioides,Markgr.,,0.5,,,,,,,,
390,58,2005-09-22 00:00:00,746436,32990,1484,BC,3,8,9,,"8,9,2",d,Melastomataceae,Conostegia,aff. centronioides,Markgr.,,1,,,,,,,,
391,58,2005-09-22 00:00:00,746436,32990,1484,BC,3,8,9,,"8,9,2",d,Melastomataceae,Conostegia,aff. centronioides,Markgr.,,1.5,,,,,,,,
392,58,2005-09-22 00:00:00,746436,32990,1484,BC,3,8,9,23,,d,Fab-Mimosoideae,Inga,aff. nobilis,Willd.,,0.5,4 foliolos,,,,,,,
393,58,2005-09-22 00:00:00,746436,32990,1484,BC,3,8,9,,"8,9,23",d,Fab-Mimosoideae,Inga,aff. nobilis,Willd.,,0.7,4 foliolos,,,,,,,
394,58,2005-09-22 00:00:00,746436,32990,1484,BC,3,8,9,24,,d,Lauraceae,Nectandra,sp. 1,,,1,Hoja grande con pubescencia en el envés,,,,,,,
395,58,2005-09-22 00:00:00,746436,32990,1484,BC,3,8,9,25,,d,Thymelaeaceae,Shoenobiblus,cf. daphnoides,Mart. & Zucc.,,1,6 foliolos,,,,,,,
396,58,2005-09-22 00:00:00,746436,32990,1484,BC,3,8,9,,"8,9,25",d,Thymelaeaceae,Shoenobiblus,cf. daphnoides,Mart. & Zucc.,,1.1,6 foliolos,,,,,,,
397,58,2005-09-22 00:00:00,746436,32990,1484,BC,3,8,9,,"8,9,25",d,Thymelaeaceae,Shoenobiblus,cf. daphnoides,Mart. & Zucc.,,0.7,6 foliolos,,,,,,,
398,58,2005-09-22 00:00:00,746436,32990,1484,BC,3,8,9,,"8,9,25",d,Thymelaeaceae,Shoenobiblus,cf. daphnoides,Mart. & Zucc.,,1,6 foliolos,,,,,,,
399,58,2005-09-22 00:00:00,746436,32990,1484,BC,3,8,9,,"8,9,11",d,Annonaceae,sp.,,,,0.9,Hoja blanca,,,,,,,
400,58,2005-09-22 00:00:00,746436,32990,1484,BC,3,8,9,26,,d,Burseraceae,Dacryodes,cupularis,Cuatrec.,,1.1,,,,,,,,
401,58,2005-09-22 00:00:00,746436,32990,1484,BC,3,8,9,27,,d,Fab-Mimosoideae,Inga,aff. lallensis,Spruce ex Benth.,,1,Tallo cuadrado,,,,,,,
402,58,2005-09-22 00:00:00,746436,32990,1484,BC,3,8,9,28,,d,Indeterminada,sp. 26,,,,0.7,Hoja delgada denticulada,,,,,,,
403,64,2005-09-27 00:00:00,745450,32949,1665,BC,4,9,3,1,,a,Chloranthaceae,Hedyosmum,cuatrecazanum,Occhioni,,2.5,Hoja redondeada,,,,,,,
404,64,2005-09-27 00:00:00,745450,32949,1665,BC,4,9,3,2,,a,Melastomataceae,Meriania,finicola,Wurdack,,4,Hoja grande,,,,,,,
405,64,2005-09-27 00:00:00,745450,32949,1665,BC,4,9,3,3,,a,Arecaceae,Hyospathe,elegans,Mart.,,1.5,Hoja blanca,,,,,,,
406,64,2005-09-27 00:00:00,745450,32949,1665,BC,4,9,3,4,,a,Lauraceae,Persea,pseudofasciculata,Kopp,,1.2,Con espinas,,,,,,,
407,64,2005-09-27 00:00:00,745450,32949,1665,BC,4,9,3,,"9,3,4",a,Lauraceae,Persea,pseudofasciculata,Kopp,,0.9,Con espinas,,,,,,,
408,64,2005-09-27 00:00:00,745450,32949,1665,BC,4,9,3,,"9,3,4",a,Lauraceae,Persea,pseudofasciculata,Kopp,,0.6,Con espinas,,,,,,,
409,64,2005-09-27 00:00:00,745450,32949,1665,BC,4,9,3,,"9,3,4",a,Lauraceae,Persea,pseudofasciculata,Kopp,,0.5,Con espinas,,,,,,,
410,64,2005-09-27 00:00:00,745450,32949,1665,BC,4,9,3,,"9,3,3",a,Arecaceae,Hyospathe,elegans,Mart.,,0.5,Hoja blanca,,,,,,,
411,64,2005-09-27 00:00:00,745450,32949,1665,BC,4,9,3,5,,a,Chrysobalanaceae,Licania,durifolia,Cuatrec.,,1.3,,,,,,,,
412,64,2005-09-27 00:00:00,745450,32949,1665,BC,4,9,3,,"9,3,1",a,Chloranthaceae,Hedyosmum,cuatrecazanum,Occhioni,,0.6,Hoja redondeada,,,,,,,
413,64,2005-09-27 00:00:00,745450,32949,1665,BC,4,9,3,,"9,3,5",b,Chrysobalanaceae,Licania,durifolia,Cuatrec.,,1,Igual a la anterior,,,,,,,
414,64,2005-09-27 00:00:00,745450,32949,1665,BC,4,9,3,,"9,3,5",b,Chrysobalanaceae,Licania,durifolia,Cuatrec.,,0.6,,,,,,,,
415,64,2005-09-27 00:00:00,745450,32949,1665,BC,4,9,3,,"9,3,5",b,Chrysobalanaceae,Licania,durifolia,Cuatrec.,,0.5,,,,,,,,
416,64,2005-09-27 00:00:00,745450,32949,1665,BC,4,9,3,6,,b,Rubiaceae,Isertia,pittieri,(Standl.) Standl.,,0.9,Tallo cuadrado,,,,,,,
417,64,2005-09-27 00:00:00,745450,32949,1665,BC,4,9,3,7,,b,Ericaceae,Psammisia,sodiroi,Hoerold,,0.9,Hoja alargada,,,,,,,
418,64,2005-09-27 00:00:00,745450,32949,1665,BC,4,9,3,,"9,3,3",b,Arecaceae,Hyospathe,elegans,Mart.,,1.2,Hoja blanca,,,,,,,
419,64,2005-09-27 00:00:00,745450,32949,1665,BC,4,9,3,,"9,3,4",b,Lauraceae,Persea,pseudofasciculata,Kopp,,1.6,Con espinas,,,,,,,
420,64,2005-09-27 00:00:00,745450,32949,1665,BC,4,9,3,,"9,3,4",b,Lauraceae,Persea,pseudofasciculata,Kopp,,1.7,Con espinas,,,,,,,
421,64,2005-09-27 00:00:00,745450,32949,1665,BC,4,9,3,8,,b,Sapindaceae,Paullinia,capreolata,(Aubl.) Radlk.,,0.6,,,,,,,,
422,64,2005-09-27 00:00:00,745450,32949,1665,BC,4,9,3,,"9,3,4",b,Lauraceae,Persea,pseudofasciculata,Kopp,,4.5,Con espinas,,,,,,,
423,64,2005-09-27 00:00:00,745450,32949,1665,BC,4,9,3,9,,b,Lecythidaceae ,Eschweilera,integrifolia,(Ruiz & Pav. ex Miers) R. Knuth,,2.5,Hoja envés blanco,,,,,,,
424,64,2005-09-27 00:00:00,745450,32949,1665,BC,4,9,3,10,,b,Fab-Mimosoideae,Inga,aff. lallensis,Spruce ex Benth.,,3,,,,,,,,
425,64,2005-09-27 00:00:00,745450,32949,1665,BC,4,9,3,,"9,3,3",c,Arecaceae,Hyospathe,elegans,Mart.,,1,Hoja blanca,,,,,,,
426,64,2005-09-27 00:00:00,745450,32949,1665,BC,4,9,3,11,,c,Lauraceae,Ocotea,insularis,(Meisn.) Mez,,3.5,,,,,,,,
427,64,2005-09-27 00:00:00,745450,32949,1665,BC,4,9,3,12,,c,Piperaceae,Piper,cf. imperale,(Miq.) C. DC.,,1.8,Hoja ancha,,,,,,,
428,64,2005-09-27 00:00:00,745450,32949,1665,BC,4,9,3,,"9,3,12",c,Piperaceae,Piper,cf. imperale,(Miq.) C. DC.,,0.6,Hoja ancha,,,,,,,
429,64,2005-09-27 00:00:00,745450,32949,1665,BC,4,9,3,13,,c,Fab-Mimosoideae,Inga,villosissima,Benth.,,0.5,,,,,,,,
430,64,2005-09-27 00:00:00,745450,32949,1665,BC,4,9,3,,"9,3,12",c,Piperaceae,Piper,cf. imperale,(Miq.) C. DC.,,1,Hoja ancha,,,,,,,
431,64,2005-09-27 00:00:00,745450,32949,1665,BC,4,9,3,14,,d,Rubiaceae,Palicourea,sodiroi,Standl.,,1.6,Hoja grande,,,,,,,
432,64,2005-09-27 00:00:00,745450,32949,1665,BC,4,9,3,15,,d,Rubiaceae,Psychotria,flaviflora,(K. Krause) C.M. Taylor,,1.7,Estípula grande,,,,,,,
433,64,2005-09-27 00:00:00,745450,32949,1665,BC,4,9,3,,"9,3,3",d,Arecaceae,Hyospathe,elegans,Mart.,,1.6,Hoja blanca,,,,,,,
434,64,2005-09-27 00:00:00,745450,32949,1665,BC,4,9,3,,"9,3,12",d,Piperaceae,Piper,cf. imperale,(Miq.) C. DC.,,3.5,Hoja ancha,,,,,,,
435,64,2005-09-27 00:00:00,745450,32949,1665,BC,4,9,3,,"9,3,3",d,Arecaceae,Hyospathe,elegans,Mart.,,0.6,Hoja blanca,,,,,,,
436,64,2005-09-27 00:00:00,745450,32949,1665,BC,4,9,3,,"9,3,12",d,Piperaceae,Piper,cf. imperale,(Miq.) C. DC.,,1.3,Hoja ancha,,,,,,,
437,64,2005-09-27 00:00:00,745450,32949,1665,BC,4,9,3,16,,d,Rubiaceae,Palicourea,acanthacea,Standl. ex C.M. Taylor,,2,Estípula alargada,,,,,,,
438,64,2005-09-27 00:00:00,745450,32949,1665,BC,4,9,3,17,,d,Rubiaceae,Palicourea,aff. sodiroi,Standl.,,3,Hoja acorazonada,,,,,,,
439,64,2005-09-27 00:00:00,745450,32949,1665,BC,4,9,3,,"9,3,8",d,Sapindaceae,Paullinia,capreolata,(Aubl.) Radlk.,,0.5,,,,,,,,
440,64,2005-09-27 00:00:00,745450,32949,1665,BC,4,9,3,18,,d,Indeterminada,sp. 27,,,,3,,,,,,,,
441,"46, 1",2005-09-28 00:00:00,745252,33351,1583,BC,4,9,6,1,,a,Piperaceae,Piper,cf. imperale,(Miq.) C. DC.,,4,Hoja acorazonada,,,,,,,
442,"46, 1",2005-09-28 00:00:00,745252,33351,1583,BC,4,9,6,,"9,6,1",a,Piperaceae,Piper,cf. imperale,(Miq.) C. DC.,,0.6,Hoja acorazonada,,,,,,,
443,"46, 1",2005-09-28 00:00:00,745252,33351,1583,BC,4,9,6,2,,a,Lauraceae,sp. 1,,,,0.5,Hojas redondeadeadas,,,,,,,
444,"46, 1",2005-09-28 00:00:00,745252,33351,1583,BC,4,9,6,3,,a,Lauraceae,Ocotea ,aff. insularis,(Meisn.) Mez,,0.5,Hoja alargada,,,,,,,
445,"46, 1",2005-09-28 00:00:00,745252,33351,1583,BC,4,9,6,4,,a,Rubiaceae,Psychotria,flaviflora,(K. Krause) C.M. Taylor,,0.5,Hoja blanca,,,,,,,
446,"46, 1",2005-09-28 00:00:00,745252,33351,1583,BC,4,9,6,5,,b,Lecythidaceae ,Eschweilera,integrifolia,(Ruiz & Pav. ex Miers) R. Knuth,,0.7,Hoja pubescente,,,,,,,
447,"46, 1",2005-09-28 00:00:00,745252,33351,1583,BC,4,9,6,6,,b,Melastomataceae,Meriania,finicola,Wurdack,Pagche,2,,,,,,,,
448,"46, 1",2005-09-28 00:00:00,745252,33351,1583,BC,4,9,6,7,,b,Cyatheaceae,Cyathea,caracasana,(Klotzsch) Domin,,0.7,Raquis alado,,,,,,,
449,"46, 1",2005-09-28 00:00:00,745252,33351,1583,BC,4,9,6,8,,b,Melastomataceae,Conostegia,superba,D. Don ex Naudin,Cedrillo,3.5,,,,,,,,
450,"46, 1",2005-09-28 00:00:00,745252,33351,1583,BC,4,9,6,9,,b,Staphyleaceae,Huertea,glandulosa,Ruiz & Pav.,,0.6,,,,,,,,
451,"46, 1",2005-09-28 00:00:00,745252,33351,1583,BC,4,9,6,,"9,6,6",c,Melastomataceae,Meriania,finicola,Wurdack,Pagche,1.2,,,,,,,,
452,"46, 1",2005-09-28 00:00:00,745252,33351,1583,BC,4,9,6,,"9,6,6",c,Melastomataceae,Meriania,finicola,Wurdack,Pagche,1.3,,,,,,,,
453,"46, 1",2005-09-28 00:00:00,745252,33351,1583,BC,4,9,6,,"9,6,6",c,Melastomataceae,Meriania,finicola,Wurdack,Pagche,1.8,,,,,,,,
454,"46, 1",2005-09-28 00:00:00,745252,33351,1583,BC,4,9,6,10,,c,Lauraceae,Rhodostemonodaphne,aff. cyclops,Madriñan,,1.2,Bráctea triangular,,,,,,,
455,"46, 1",2005-09-28 00:00:00,745252,33351,1583,BC,4,9,6,11,,c,Lauraceae,Beilschmedia,alloiophylla,(Rusby) Kosterm.,,1.3,Hoja ancha,,,,,,,
456,"46, 1",2005-09-28 00:00:00,745252,33351,1583,BC,4,9,6,,"9,6,11",c,Lauraceae,Beilschmedia,alloiophylla,(Rusby) Kosterm.,,0.5,Hoja ancha,,,,,,,
457,"46, 1",2005-09-28 00:00:00,745252,33351,1583,BC,4,9,6,12,,c,Fab-Mimosoideae,Inga,aff. lallensis,Spruce ex Benth.,,0.7,Hoja grande,,,,,,,
458,"46, 1",2005-09-28 00:00:00,745252,33351,1583,BC,4,9,6,,"9,6,12",c,Fab-Mimosoideae,Inga,aff. lallensis,Spruce ex Benth.,,4,Hoja grande,,,,,,,
459,"46, 1",2005-09-28 00:00:00,745252,33351,1583,BC,4,9,6,,"9,6,12",c,Fab-Mimosoideae,Inga,aff. lallensis,Spruce ex Benth.,,1.3,Hoja grande,,,,,,,
460,"46, 1",2005-09-28 00:00:00,745252,33351,1583,BC,4,9,6,13,,d,Araliaceae,Schefflera,lasiogyne,Harms,,0.7,,,,,,,,
461,"46, 1",2005-09-28 00:00:00,745252,33351,1583,BC,4,9,6,,"9,6,4",d,Rubiaceae,Psychotria,flaviflora,(K. Krause) C.M. Taylor,,0.5,Hoja blanca,,,,,,,
462,"46, 1",2005-09-28 00:00:00,745252,33351,1583,BC,4,9,6,,"9,6,6",d,Melastomataceae,Meriania,finicola,Wurdack,Pagche,0.8,,,,,,,,
463,"46, 1",2005-09-28 00:00:00,745252,33351,1583,BC,4,9,6,,"9,6,6",d,Melastomataceae,Meriania,finicola,Wurdack,Pagche,0.6,,,,,,,,
464,"46, 1",2005-09-28 00:00:00,745252,33351,1583,BC,4,9,6,14,,d,Rubiaceae,Palicourea,sodiroi,Standl.,Sangre de galllina,0.5,,,,,,,,
465,"46, 1",2005-09-28 00:00:00,745252,33351,1583,BC,4,9,6,15,,d,Myristicaceae,Otoba,gordoniifolia,(A. DC.) A.H. Gentry,,4,Troncos abultados,,,,,,,
466,"46, 1",2005-09-28 00:00:00,745252,33351,1583,BC,4,9,6,16,,d,Meliaceae,Ruagea,cf. pubescens,H. Karst.,,1.2,,,,,,,,
467,70,2005-09-29 00:00:00,745932,33438,1408,BC,4,9,9,1,,a,Myristicaceae,Otoba,gordoniifolia,(A. DC.) A.H. Gentry,,3,Hojas redondeadeadas,,,,,,,
468,70,2005-09-29 00:00:00,745932,33438,1408,BC,4,9,9,2,,a,Staphyleaceae,Huertea,glandulosa,Ruiz & Pav.,Copal colorado,0.5,,,,,,,,
469,70,2005-09-29 00:00:00,745932,33438,1408,BC,4,9,9,3,,a,Sabiaceae,Meliosma,aff. occidentalis,Cuatrec.,Guabillo,2,,,,,,,,
470,70,2005-09-29 00:00:00,745932,33438,1408,BC,4,9,9,4,,a,Burseraceae,Dacryodes,cupularis,Cuatrec.,Sangre de gallina,0.7,,,,,,,,
471,70,2005-09-29 00:00:00,745932,33438,1408,BC,4,9,9,5,,a,Melastomataceae,Meriania,finicola,Wurdack,Morochillo,0.5,,,,,,,,
472,70,2005-09-29 00:00:00,745932,33438,1408,BC,4,9,9,,"9,9,5",a,Melastomataceae,Meriania,finicola,Wurdack,Morochillo,1.9,,,,,,,,
473,70,2005-09-29 00:00:00,745932,33438,1408,BC,4,9,9,6,,a,Sapindaceae,Paullinia,cf. nobilis,Radlk.,,4.5,,,,,,,,
474,70,2005-09-29 00:00:00,745932,33438,1408,BC,4,9,9,7,,a,Lauraceae,Rhodostemonodaphne,aff. cyclops,Madriñan,,0.8,Hoja alargada,,,,,,,
475,70,2005-09-29 00:00:00,745932,33438,1408,BC,4,9,9,8,,a,Myrtaceae ,Myrcia,cf. fallax,(Rich.) DC.,,3,,,,,,,,
476,70,2005-09-29 00:00:00,745932,33438,1408,BC,4,9,9,9,,a,Melastomataceae,Conostegia,superba,D. Don ex Naudin,,0.7,,,,,,,,
477,70,2005-09-29 00:00:00,745932,33438,1408,BC,4,9,9,10,,a,Symplocaceae,Symplocos,fuliginosa,B. Stǻhl,,0.7,Hoja blanca,,,,,,,
478,70,2005-09-29 00:00:00,745932,33438,1408,BC,4,9,9,11,,a,Lecythidaceae ,Eschweilera,integrifolia,(Ruiz & Pav. ex Miers) R. Knuth,,0.5,,,,,,,,
479,70,2005-09-29 00:00:00,745932,33438,1408,BC,4,9,9,12,,a,Lauraceae,Persea,pseudofasciculata,Kopp,,1.1,,,,,,,,
480,70,2005-09-29 00:00:00,745932,33438,1408,BC,4,9,9,13,,a,Violaceae,Gloeospermum,longifolium,Hekking,,1.2,,,,,,,,
481,70,2005-09-29 00:00:00,745932,33438,1408,BC,4,9,9,14,,a,Arecaceae,Aiphanes,erinaceae,(H. Karst.) H. Wendl.,,0.6,,,,,,,,
482,70,2005-09-29 00:00:00,745932,33438,1408,BC,4,9,9,,"9,9,14",a,Arecaceae,Aiphanes,erinaceae,(H. Karst.) H. Wendl.,,0.8,,,,,,,,
483,70,2005-09-29 00:00:00,745932,33438,1408,BC,4,9,9,,"9,9,8",d,Myrtaceae ,Myrcia,cf. fallax,(Rich.) DC.,,2.2,,,,,,,,
484,70,2005-09-29 00:00:00,745932,33438,1408,BC,4,9,9,,"9,9,8",d,Myrtaceae ,Myrcia,cf. fallax,(Rich.) DC.,,2.4,,,,,,,,
485,70,2005-09-29 00:00:00,745932,33438,1408,BC,4,9,9,,"9,9,9",d,Melastomataceae,Conostegia,superba,D. Don ex Naudin,,1.4,,,,,,,,
486,70,2005-09-29 00:00:00,745932,33438,1408,BC,4,9,9,,"9,9,10",d,Symplocaceae,Symplocos,fuliginosa,B. Stǻhl,,1.8,Hoja blanca,,,,,,,
487,70,2005-09-29 00:00:00,745932,33438,1408,BC,4,9,9,,"9,9,5",b,Melastomataceae,Meriania,finicola,Wurdack,Morochillo,0.6,,,,,,,,
488,70,2005-09-29 00:00:00,745932,33438,1408,BC,4,9,9,,"9,9,11",b,Lecythidaceae ,Eschweilera,integrifolia,(Ruiz & Pav. ex Miers) R. Knuth,,1.2,,,,,,,,
489,70,2005-09-29 00:00:00,745932,33438,1408,BC,4,9,9,,"9,9,6",b,Sapindaceae,Paullinia,cf. nobilis,Radlk.,,2.7,,,,,,,,
490,70,2005-09-29 00:00:00,745932,33438,1408,BC,4,9,9,15,,b,Euphorbiaceae,Hieronyma,asperifolia,Pax & K. Hoffm.,,3.9,Hoja ancha,,,,,,,
491,70,2005-09-29 00:00:00,745932,33438,1408,BC,4,9,9,16,,b,Rubiaceae,Faramea,oblongifolia,Standl.,Cedrillo,2.7,,,,,,,,
492,70,2005-09-29 00:00:00,745932,33438,1408,BC,4,9,9,17,,b,Burseraceae,Protium,ecuadorense,Benoist,,2.1,Hojas verticiladas. Parecida a rubiaceae,,,,,,,
493,70,2005-09-29 00:00:00,745932,33438,1408,BC,4,9,9,,"9,9,12",b,Lauraceae,Persea,pseudofasciculata,Kopp,,3.5,,,,,,,,
494,70,2005-09-29 00:00:00,745932,33438,1408,BC,4,9,9,,"9,9,12",b,Lauraceae,Persea,pseudofasciculata,Kopp,,3.1,,,,,,,,
495,70,2005-09-29 00:00:00,745932,33438,1408,BC,4,9,9,18,,b,Lecythidaceae ,Gustavia,dodsonii,S.A. Mori,Guabillo,3.5,,,,,,,,
496,70,2005-09-29 00:00:00,745932,33438,1408,BC,4,9,9,,"9,9,18",b,Lecythidaceae ,Gustavia,dodsonii,S.A. Mori,Guabillo,3,,,,,,,,
497,70,2005-09-29 00:00:00,745932,33438,1408,BC,4,9,9,,"9,9,12",c,Lauraceae,Persea,pseudofasciculata,Kopp,,2.2,,,,,,,,
498,70,2005-09-29 00:00:00,745932,33438,1408,BC,4,9,9,19,,c,Dennstaedtiaceae,Saccoloma,inaequale,(Kunze) Mett.,,0.5,Hoja pequeña,,,,,,,
499,70,2005-09-29 00:00:00,745932,33438,1408,BC,4,9,9,20,,c,Lauraceae,Ocotea ,aff. insularis,(Meisn.) Mez,,3.5,Hoja grande,,,,,,,
500,70,2005-09-29 00:00:00,745932,33438,1408,BC,4,9,9,21,,c,Malvaceae,Wercklea,sp.,,Motilón,3.4,,,,,,,,
501,70,2005-09-29 00:00:00,745932,33438,1408,BC,4,9,9,22,,c,Myrtaceae ,Myrcia,cf. fallax,(Rich.) DC.,,0.5,"Estípulas largas, caducas",,,,,,,
502,70,2005-09-29 00:00:00,745932,33438,1408,BC,4,9,9,,"9,9,8",c,Myrtaceae ,Myrcia,cf. fallax,(Rich.) DC.,,3.5,,,,,,,,
503,70,2005-09-29 00:00:00,745932,33438,1408,BC,4,9,9,23,,c,Burseraceae,Dacryodes,cupularis,Cuatrec.,,3.2,,,,,,,,
504,70,2005-09-29 00:00:00,745932,33438,1408,BC,4,9,9,24,,c,Moraceae,Clarisia,biflora,Ruiz & Pav.,,0.5,Hoja dentada,,,,,,,
505,70,2005-09-29 00:00:00,745932,33438,1408,BC,4,9,9,,"9,9,13",c,Violaceae,Gloeospermum,longifolium,Hekking,,2.2,,,,,,,,
506,70,2005-09-29 00:00:00,745932,33438,1408,BC,4,9,9,,"9,9,13",c,Violaceae,Gloeospermum,longifolium,Hekking,,2.1,,,,,,,,
507,70,2005-09-29 00:00:00,745932,33438,1408,BC,4,9,9,,"9,9,13",c,Violaceae,Gloeospermum,longifolium,Hekking,,3.8,,,,,,,,
508,70,2005-09-29 00:00:00,745932,33438,1408,BC,4,9,9,25,,c,Fab-Mimosoideae,Inga,aff. lallensis,Spruce ex Benth.,,0.9,,,,,,,,
509,70,2005-09-29 00:00:00,745932,33438,1408,BC,4,9,9,26,,c,Burseraceae,Dacryodes,cupularis,Cuatrec.,,3,Pubescente,,,,,,,
510,,,,,,,,,,,,,,,,,,,,,,,,,,
511,,,,,,,,,,,,,,,,,,,,,,,,,,
512,,,,,,,,,,,,,,,,,,,,,,,,,,
513,,,,,,,,,,,,,,,,,,,,,,,,,,
514,,,,,,,,,,,,,,,,,,,,,,,,,,
515,,,,,,,,,,,,,,,,,,,,,,,,,,
516,,,,,,,,,,,,,,,,,,,,,,,,,,
517,,,,,,,,,,,,,,,,,,,,,,,,,,
518,,,,,,,,,,,,,,,,,,,,,,,,,,
519,,,,,,,,,,,,,,,,,,,,,,,,,,
520,,,,,,,,,,,,,,,,,,,,,,,,,,
521,,,,,,,,,,,,,,,,,,,,,,,,,,
522,,,,,,,,,,,,,,,,,,,,,,,,,,
523,,,,,,,,,,,,,,,,,,,,,,,,,,
524,,,,,,,,,,,,,,,,,,,,,,,,,,
525,,,,,,,,,,,,,,,,,,,,,,,,,,
526,,,,,,,,,,,,,,,,,,,,,,,,,,
527,,,,,,,,,,,,,,,,,,,,,,,,,,
528,,,,,,,,,,,,,,,,,,,,,,,,,,
529,,,,,,,,,,,,,,,,,,,,,,,,,,
530,,,,,,,,,,,,,,,,,,,,,,,,,,
531,,,,,,,,,,,,,,,,,,,,,,,,,,
532,,,,,,,,,,,,,,,,,,,,,,,,,,
533,,,,,,,,,,,,,,,,,,,,,,,,,,
534,,,,,,,,,,,,,,,,,,,,,,,,,,
535,,,,,,,,,,,,,,,,,,,,,,,,,,
536,,,,,,,,,,,,,,,,,,,,,,,,,,
537,,,,,,,,,,,,,,,,,,,,,,,,,,
538,,,,,,,,,,,,,,,,,,,,,,,,,,
539,,,,,,,,,,,,,,,,,,,,,,,,,,
540,,,,,,,,,,,,,,,,,,,,,,,,,,
541,,,,,,,,,,,,,,,,,,,,,,,,,,
542,,,,,,,,,,,,,,,,,,,,,,,,,,
543,,,,,,,,,,,,,,,,,,,,,,,,,,
544,,,,,,,,,,,,,,,,,,,,,,,,,,
545,,,,,,,,,,,,,,,,,,,,,,,,,,
546,,,,,,,,,,,,,,,,,,,,,,,,,,
547,,,,,,,,,,,,,,,,,,,,,,,,,,
548,,,,,,,,,,,,,,,,,,,,,,,,,,
549,,,,,,,,,,,,,,,,,,,,,,,,,,
550,,,,,,,,,,,,,,,,,,,,,,,,,,
551,,,,,,,,,,,,,,,,,,,,,,,,,,
552,,,,,,,,,,,,,,,,,,,,,,,,,,
553,,,,,,,,,,,,,,,,,,,,,,,,,,
554,,,,,,,,,,,,,,,,,,,,,,,,,,
555,,,,,,,,,,,,,,,,,,,,,,,,,,
556,,,,,,,,,,,,,,,,,,,,,,,,,,
557,,,,,,,,,,,,,,,,,,,,,,,,,,
558,,,,,,,,,,,,,,,,,,,,,,,,,,
559,,,,,,,,,,,,,,,,,,,,,,,,,,
560,,,,,,,,,,,,,,,,,,,,,,,,,,
561,,,,,,,,,,,,,,,,,,,,,,,,,,
562,,,,,,,,,,,,,,,,,,,,,,,,,,
563,,,,,,,,,,,,,,,,,,,,,,,,,,
564,,,,,,,,,,,,,,,,,,,,,,,,,,
565,,,,,,,,,,,,,,,,,,,,,,,,,,
566,,,,,,,,,,,,,,,,,,,,,,,,,,
567,,,,,,,,,,,,,,,,,,,,,,,,,,
568,,,,,,,,,,,,,,,,,,,,,,,,,,
569,,,,,,,,,,,,,,,,,,,,,,,,,,
570,,,,,,,,,,,,,,,,,,,,,,,,,,
571,,,,,,,,,,,,,,,,,,,,,,,,,,
572,,,,,,,,,,,,,,,,,,,,,,,,,,
573,,,,,,,,,,,,,,,,,,,,,,,,,,
574,,,,,,,,,,,,,,,,,,,,,,,,,,
575,,,,,,,,,,,,,,,,,,,,,,,,,,
576,,,,,,,,,,,,,,,,,,,,,,,,,,
577,,,,,,,,,,,,,,,,,,,,,,,,,,
578,,,,,,,,,,,,,,,,,,,,,,,,,,
579,,,,,,,,,,,,,,,,,,,,,,,,,,
580,,,,,,,,,,,,,,,,,,,,,,,,,,
581,,,,,,,,,,,,,,,,,,,,,,,,,,
582,,,,,,,,,,,,,,,,,,,,,,,,,,
583,,,,,,,,,,,,,,,,,,,,,,,,,,
584,,,,,,,,,,,,,,,,,,,,,,,,,,
585,,,,,,,,,,,,,,,,,,,,,,,,,,
586,,,,,,,,,,,,,,,,,,,,,,,,,,
587,,,,,,,,,,,,,,,,,,,,,,,,,,
588,,,,,,,,,,,,,,,,,,,,,,,,,,
589,,,,,,,,,,,,,,,,,,,,,,,,,,
590,,,,,,,,,,,,,,,,,,,,,,,,,,
591,,,,,,,,,,,,,,,,,,,,,,,,,,
592,,,,,,,,,,,,,,,,,,,,,,,,,,
593,,,,,,,,,,,,,,,,,,,,,,,,,,
594,,,,,,,,,,,,,,,,,,,,,,,,,,
595,,,,,,,,,,,,,,,,,,,,,,,,,,
596,,,,,,,,,,,,,,,,,,,,,,,,,,
597,,,,,,,,,,,,,,,,,,,,,,,,,,
598,,,,,,,,,,,,,,,,,,,,,,,,,,
599,,,,,,,,,,,,,,,,,,,,,,,,,,
600,,,,,,,,,,,,,,,,,,,,,,,,,,
601,,,,,,,,,,,,,,,,,,,,,,,,,,
602,,,,,,,,,,,,,,,,,,,,,,,,,,
603,,,,,,,,,,,,,,,,,,,,,,,,,,
604,,,,,,,,,,,,,,,,,,,,,,,,,,
605,,,,,,,,,,,,,,,,,,,,,,,,,,
606,,,,,,,,,,,,,,,,,,,,,,,,,,
607,,,,,,,,,,,,,,,,,,,,,,,,,,
608,,,,,,,,,,,,,,,,,,,,,,,,,,
609,,,,,,,,,,,,,,,,,,,,,,,,,,
610,,,,,,,,,,,,,,,,,,,,,,,,,,
611,,,,,,,,,,,,,,,,,,,,,,,,,,
612,,,,,,,,,,,,,,,,,,,,,,,,,,
613,,,,,,,,,,,,,,,,,,,,,,,,,,
614,,,,,,,,,,,,,,,,,,,,,,,,,,
615,,,,,,,,,,,,,,,,,,,,,,,,,,
616,,,,,,,,,,,,,,,,,,,,,,,,,,
617,,,,,,,,,,,,,,,,,,,,,,,,,,
618,,,,,,,,,,,,,,,,,,,,,,,,,,
619,,,,,,,,,,,,,,,,,,,,,,,,,,
620,,,,,,,,,,,,,,,,,,,,,,,,,,
621,,,,,,,,,,,,,,,,,,,,,,,,,,
622,,,,,,,,,,,,,,,,,,,,,,,,,,
623,,,,,,,,,,,,,,,,,,,,,,,,,,
624,,,,,,,,,,,,,,,,,,,,,,,,,,
625,,,,,,,,,,,,,,,,,,,,,,,,,,
626,,,,,,,,,,,,,,,,,,,,,,,,,,
627,,,,,,,,,,,,,,,,,,,,,,,,,,
628,,,,,,,,,,,,,,,,,,,,,,,,,,
629,,,,,,,,,,,,,,,,,,,,,,,,,,
630,,,,,,,,,,,,,,,,,,,,,,,,,,
631,,,,,,,,,,,,,,,,,,,,,,,,,,
632,,,,,,,,,,,,,,,,,,,,,,,,,,
633,,,,,,,,,,,,,,,,,,,,,,,,,,
634,,,,,,,,,,,,,,,,,,,,,,,,,,
635,,,,,,,,,,,,,,,,,,,,,,,,,,
636,,,,,,,,,,,,,,,,,,,,,,,,,,
637,,,,,,,,,,,,,,,,,,,,,,,,,,
638,,,,,,,,,,,,,,,,,,,,,,,,,,
639,,,,,,,,,,,,,,,,,,,,,,,,,,
640,,,,,,,,,,,,,,,,,,,,,,,,,,
641,,,,,,,,,,,,,,,,,,,,,,,,,,
642,,,,,,,,,,,,,,,,,,,,,,,,,,
643,,,,,,,,,,,,,,,,,,,,,,,,,,
644,,,,,,,,,,,,,,,,,,,,,,,,,,
645,,,,,,,,,,,,,,,,,,,,,,,,,,
646,,,,,,,,,,,,,,,,,,,,,,,,,,
647,,,,,,,,,,,,,,,,,,,,,,,,,,
648,,,,,,,,,,,,,,,,,,,,,,,,,,
649,,,,,,,,,,,,,,,,,,,,,,,,,,
650,,,,,,,,,,,,,,,,,,,,,,,,,,
651,,,,,,,,,,,,,,,,,,,,,,,,,,
652,,,,,,,,,,,,,,,,,,,,,,,,,,
653,,,,,,,,,,,,,,,,,,,,,,,,,,
654,,,,,,,,,,,,,,,,,,,,,,,,,,
655,,,,,,,,,,,,,,,,,,,,,,,,,,
656,,,,,,,,,,,,,,,,,,,,,,,,,,
657,,,,,,,,,,,,,,,,,,,,,,,,,,
