,Guia,No Hoja,Fecha,N,E,ELEVACIÓN,Hábitat,Sitio Block ,Parcela Sub block,Repeticiones ,No de colección,distancia,cuadrante,No de individuo,Final DAP(de 1med  o prom 2 mediciones),Primera rama,Altura,Copa,Familia,Genero ,Especie,Autor,ESPECIE,Hábito,Nombre común,Observaciones
1,1093,38,2005-08-25 00:00:00,747140,35018,1652,BC,2,6,3,7898,10,a,1,6.4,3.5,4,1,Elaeocarpaceae,Sloanea,cf. grandiflora,Sm.,Sloanea cf. grandiflora Sm.,Árbol,,
2,1094,38,2005-08-25 00:00:00,747140,35018,1652,BC,2,6,3,7898,10,a,2,21.05,12,15,3.5,Elaeocarpaceae,Sloanea,cf. grandiflora,Sm.,Sloanea cf. grandiflora Sm.,Árbol,,
3,1095,38,2005-08-25 00:00:00,747140,35018,1652,BC,2,6,3,7899,10,a,3,29.200000000000003,13,18,0.5,Lauraceae,Ocotea ,insularis,(Meisn.) Mez,Ocotea  insularis (Meisn.) Mez,Árbol,Pacche,
4,1096,38,2005-08-25 00:00:00,747140,35018,1652,BC,2,6,3,7900,10,a,4,5.4,2,5,1.2,Rubiaceae,Faramea,oblongifolia,Standl.,Faramea oblongifolia Standl.,Arbusto,,
5,1097,38,2005-08-25 00:00:00,747140,35018,1652,BC,2,6,3,7901,10,a,5,11.2,8,12,1,Lecythidaceae,Eschweilera,caudiculata,R. Knuth,Eschweilera caudiculata R. Knuth,Árbol,,
6,1098,38,2005-08-25 00:00:00,747140,35018,1652,BC,2,6,3,7902,10,a,6,10.4,9,13,2.5,Lauraceae,Cinnamomum,triplinerve,(Ruiz & Pav.) Kosterm.,Cinnamomum triplinerve (Ruiz & Pav.) Kosterm.,Árbol,,
7,1099,38,2005-08-25 00:00:00,747140,35018,1652,BC,2,6,3,7903,10,a,7,36.05,13,15,2,Lauraceae,Ocotea ,insularis,(Meisn.) Mez,Ocotea  insularis (Meisn.) Mez,Árbol,Pacche,
8,1100,38,2005-08-25 00:00:00,747140,35018,1652,BC,2,6,3,7901,10,a,8,13.45,11,14,2.5,Lecythidaceae,Eschweilera,caudiculata,R. Knuth,Eschweilera caudiculata R. Knuth,Árbol,,
9,1101,38,2005-08-25 00:00:00,747140,35018,1652,BC,2,6,3,7904,15,a,9,10,8,12,1.5,Melastomataceae,Meriania,finicola,Wurdack,Meriania finicola Wurdack,Árbol,,Peciolos jóvenes blanquecinos
10,1102,38,2005-08-25 00:00:00,747140,35018,1652,BC,2,6,3,7905,10,a,10,7,8,12,2,Rubiaceae,Faramea,oblongifolia ,Standl.,Faramea oblongifolia  Standl.,Arbusto,,Estípula terminal más de 6 cm
11,1103,38,2005-08-25 00:00:00,747140,35018,1652,BC,2,6,3,7906,10,a,11,6.5,3.5,7.5,1,Moraceae,Ficus,dulciaria,Dugand,Ficus dulciaria Dugand,Árbol,,Latex amarillentto
12,1104,38,2005-08-25 00:00:00,747140,35018,1652,BC,2,6,3,7905,10,a,12,5.15,4,6,1.5,Rubiaceae,Faramea,oblongifolia ,Standl.,Faramea oblongifolia  Standl.,Arbusto,,Estípula terminal más de 6 cm
13,1105,38,2005-08-25 00:00:00,747140,35018,1652,BC,2,6,3,7907,10,a,13,28.2,9,20,5,Lauraceae,Persea,aff. pseudofasciculata,Kopp,Persea aff. pseudofasciculata Kopp,Árbol,Aguacatillo,"Más común, envés blanquecino"
14,1106,38,2005-08-25 00:00:00,747140,35018,1652,BC,2,6,3,7908,11,a,14,48,15,25,6,Euphorbiaceae,Hieronyma,asperifolia,Pax & K. Hoffm.,Hieronyma asperifolia Pax & K. Hoffm.,Árbol,,Corteza interna roja
15,1107,38,2005-08-25 00:00:00,747140,35018,1652,BC,2,6,3,7909,20,a,15,28,19,26,6,Sapotaceae,Pouteria,torta,(Mart.) Radlk.,Pouteria torta (Mart.) Radlk.,Árbol,,Latex blanco
16,1108,38,2005-08-25 00:00:00,747140,35018,1652,BC,2,6,3,7906,10,a,16,13.5,10.5,14,5,Moraceae,Ficus,dulciaria,Dugand,Ficus dulciaria Dugand,Árbol,,Latex amarillento
17,1109,38,2005-08-25 00:00:00,747140,35018,1652,BC,2,6,3,7904,10,b,17,10.05,9,11,0.7,Melastomataceae,Meriania,finicola,Wurdack,Meriania finicola Wurdack,Árbol,,Peciolos jóvenes blanquecinos
18,1110,38,2005-08-25 00:00:00,747140,35018,1652,BC,2,6,3,7910,10,b,18,15.100000000000001,10,15,3.5,Myristicaceae,Otoba,gordoniifolia,(A. DC.) A.H. Gentry,Otoba gordoniifolia (A. DC.) A.H. Gentry,Árbol,Sangre de gallina,
19,1111,38,2005-08-25 00:00:00,747140,35018,1652,BC,2,6,3,7910,10,b,19,25.9,10,20,6,Myristicaceae,Otoba,gordoniifolia,(A. DC.) A.H. Gentry,Otoba gordoniifolia (A. DC.) A.H. Gentry,Árbol,Sangre de gallina,
20,1112,38,2005-08-25 00:00:00,747140,35018,1652,BC,2,6,3,7910,13,b,20,51,12,17,5,Myristicaceae,Otoba,gordoniifolia,(A. DC.) A.H. Gentry,Otoba gordoniifolia (A. DC.) A.H. Gentry,Árbol,Sangre de gallina,
21,1113,38,2005-08-25 00:00:00,747140,35018,1652,BC,2,6,3,7909,10,b,21,46,10,25,6,Sapotaceae,Pouteria,torta,(Mart.) Radlk.,Pouteria torta (Mart.) Radlk.,Árbol,,Latex blanco
22,1114,38,2005-08-25 00:00:00,747140,35018,1652,BC,2,6,3,7903,10,c,22,32.75,16,20,4,Lauraceae,Ocotea ,insularis,(Meisn.) Mez,Ocotea  insularis (Meisn.) Mez,Árbol,,
23,1115,38,2005-08-25 00:00:00,747140,35018,1652,BC,2,6,3,7911,10,c,23,16.75,2,13,2,Sapotaceae,Chrysophyllum,aff. venezuelanense,(Pierre) T.D.Penn.,Chrysophyllum aff. venezuelanense (Pierre) T.D.Penn.,Árbol,,Latex blanco
24,1116,38,2005-08-25 00:00:00,747140,35018,1652,BC,2,6,3,7912,10,c,24,18.5,8,11,5,Moraceae,Ficus,cuatrecasana,Dugand,Ficus cuatrecasana Dugand,Hemiepífita,,Latex blanquecino
25,1117,38,2005-08-25 00:00:00,747140,35018,1652,BC,2,6,3,7913,10,c,25,9.85,6,12,1.5,Lauraceae,Aniba,aff. hostmanniana,(Nees) Mez,Aniba aff. hostmanniana (Nees) Mez,Árbol,,
26,1118,38,2005-08-25 00:00:00,747140,35018,1652,BC,2,6,3,7914,10,c,26,23.9,10,18,6,Sapotaceae,Pouteria,torta,(Mart.) Radlk.,Pouteria torta (Mart.) Radlk.,Árbol,,"Corteza interna, arenosa y rosada"
27,1119,39,2005-08-25 00:00:00,747140,35018,1652,BC,2,6,3,7915,10,d,27,20,9,15,4,Annonaceae,Guatteria,megalophylla,Diels,Guatteria megalophylla Diels,Árbol,,
28,1120,39,2005-08-25 00:00:00,747140,35018,1652,BC,2,6,3,7916,10,d,28,42.45,1.5,22,10,Lauraceae,Aniba,aff. hostmanniana,(Nees) Mez,Aniba aff. hostmanniana (Nees) Mez,Árbol,Rosa,
29,1121,39,2005-08-25 00:00:00,747140,35018,1652,BC,2,6,3,7917,10,d,29,49.75,18,20,3,Myristicaceae,Otoba,gordoniifolia,(A. DC.) A.H. Gentry,Otoba gordoniifolia (A. DC.) A.H. Gentry,Árbol,Sangre de gallina,
30,1122,39,2005-08-25 00:00:00,747140,35018,1652,BC,2,6,3,7918,10,d,30,17.35,8,16,7,Euphorbiaceae,Hieronyma,asperifolia,Pax & K. Hoffm.,Hieronyma asperifolia Pax & K. Hoffm.,Árbol,,
31,1123,39,2005-08-25 00:00:00,747140,35018,1652,BC,2,6,3,7919,10,d,31,65.1,10,27,11,Chloranthaceae,Hedyosmum,cuatrecazanum,Occhioni,Hedyosmum cuatrecazanum Occhioni,Árbol,Tarqui,
32,1124,39,2005-08-25 00:00:00,747140,35018,1652,BC,2,6,3,7920,10,d,32,18.85,8,9,6,Fab-Faboideae,Dussia,lehmannii,Harms,Dussia lehmannii Harms,Árbol,,
33,1125,39,2005-08-25 00:00:00,747140,35018,1652,BC,2,6,3,7921,10,d,33,8,3,7,3,Myristicaceae,Otoba,gordoniifolia,(A. DC.) A.H. Gentry,Otoba gordoniifolia (A. DC.) A.H. Gentry,Árbol,,
34,1126,39,2005-08-25 00:00:00,747140,35018,1652,BC,2,6,3,7922,10,d,34,8.100000000000001,6,8,2,Rubiaceae,Palicourea,thyrsiflora,(Ruiz & Pav.) DC.,Palicourea thyrsiflora (Ruiz & Pav.) DC.,Arbolito,,
35,1127,39,2005-08-25 00:00:00,747140,35018,1652,BC,2,6,3,7923,10,d,35,9.55,2.5,7,3,Clusiaceae,Chrysochlamys,dependens,Planch. & Triana,Chrysochlamys dependens Planch. & Triana,Árbol,,Fruto rosado
36,1128,39,2005-08-25 00:00:00,747140,35018,1652,BC,2,6,3,7924,10,d,36,5.8,3,4,1,Lecythidaceae,Eschweilera,integrifolia,(Ruiz & Pav. ex Miers) R. Knuth,Eschweilera integrifolia (Ruiz & Pav. ex Miers) R. Knuth,Árbol,,
37,1235,44,2005-08-27 00:00:00,747474,33593,1330,BC,1,7,3,8020,10,a,1,10.5,5,13,3.5,Burseraceae,Protium,ecuadorense,Benoist,Protium ecuadorense Benoist,Árbol,Copal colorado,
38,1236,44,2005-08-27 00:00:00,747474,33593,1330,BC,1,7,3,8021,10,a,2,10.2,11,14,2,Lauraceae,Caryodaphnopsis,theobromifolia,(A.H. Gentry) van der Werff & H.G. Richt.,Caryodaphnopsis theobromifolia (A.H. Gentry) van der Werff & H.G. Richt.,Árbol,Caoba,
39,1237,44,2005-08-27 00:00:00,747474,33593,1330,BC,1,7,3,8023,10,a,3,5.4,3.5,7,0.5,Lecythidaceae,Eschweilera,rimbachii,Standl.,Eschweilera rimbachii Standl.,Árbol,,
40,1238,44,2005-08-27 00:00:00,747474,33593,1330,BC,1,7,3,8021,10,a,4,6.199999999999999,6,11,2,Lauraceae,Caryodaphnopsis,theobromifolia,(A.H. Gentry) van der Werff & H.G. Richt.,Caryodaphnopsis theobromifolia (A.H. Gentry) van der Werff & H.G. Richt.,Árbol,Caoba,
41,1239,44,2005-08-27 00:00:00,747474,33593,1330,BC,1,7,3,8024,10,a,5,9.5,12,15,2,Staphyleaceae,Turpinia,occidentalis,(Sw.) G. Don ,Turpinia occidentalis (Sw.) G. Don ,Árbol,,
42,1240,44,2005-08-27 00:00:00,747474,33593,1330,BC,1,7,3,8025,10,a,6,6.15,5.5,11,3,Lauraceae,Pleurothyrium,glabritepalum,van der Werff,Pleurothyrium glabritepalum van der Werff,Árbol,,
43,1241,44,2005-08-27 00:00:00,747474,33593,1330,BC,1,7,3,8026,10,a,7,16.700000000000003,7,16,6,Capparaceae,Capparis,sp.,,Capparis sp. ,Árbol,,
44,1242,44,2005-08-27 00:00:00,747474,33593,1330,BC,1,7,3,8027,10,a,8,30.65,8,18,6,Bombacaceae,Pachira,patinoi,(Dugand & Robyns) Fern. Alonso,Pachira patinoi (Dugand & Robyns) Fern. Alonso,Árbol,,
45,1243,44,2005-08-27 00:00:00,747474,33593,1330,BC,1,7,3,8028,10,a,9,5.3,1.5,6,1,Indeterminado,sp. 15,,,sp. 15  ,Arbolito,,
46,1244,44,2005-08-27 00:00:00,747474,33593,1330,BC,1,7,3,8029,10,a,10,7,5,10,4,Styracaceae,Styrax,weberbaueri,Perkins,Styrax weberbaueri Perkins,Árbol,,
47,1245,44,2005-08-27 00:00:00,747474,33593,1330,BC,1,7,3,8030,10,a,11,9.4,7,14,5,Myrtaceae,Eugenia,florida,DC.,Eugenia florida DC.,Árbol,,
48,1246,44,2005-08-27 00:00:00,747474,33593,1330,BC,1,7,3,8031,10,a,12,24.45,13,24,6,Lauraceae,Persea,aff. pseudofasciculata,Kopp,Persea aff. pseudofasciculata Kopp,Árbol,Aguacatillo,Más común. Hoja enves blanco
49,1247,44,2005-08-27 00:00:00,747474,33593,1330,BC,1,7,3,8032,10,a,13,38,22,26,8,Lauraceae,Ocotea ,aff. floccifera,Mez & Sodiro,Ocotea  aff. floccifera Mez & Sodiro,Árbol,Rosa,
50,1248,44,2005-08-27 00:00:00,747474,33593,1330,BC,1,7,3,8033,10,a,14,23.5,15,22,6,Moraceae,Ficus,subandina,Dugand,Ficus subandina Dugand,Hemiepífita,,
51,1249,44,2005-08-27 00:00:00,747474,33593,1330,BC,1,7,3,8034,10,a,15,7.05,5,7,2,Moraceae,Clarisia,biflora,Ruiz & Pav.,Clarisia biflora Ruiz & Pav.,Árbol,,
52,1250,44,2005-08-27 00:00:00,747474,33593,1330,BC,1,7,3,8035,10,b,16,42,10,24,4,Burseraceae,Dacryodes,cupularis,Cuatrec.,Dacryodes cupularis Cuatrec.,Árbol,Copal colorado,
53,1251,44,2005-08-27 00:00:00,747474,33593,1330,BC,1,7,3,8036,10,b,17,18.2,12,18,5,Clusiaceae,Garcinia,macrophylla,Mart.,Garcinia macrophylla Mart.,Árbol,Madroño,Latex amarillo
54,1252,44,2005-08-27 00:00:00,747474,33593,1330,BC,1,7,3,8037,10,b,18,26.1,4.5,12,4,Dichapetalaceae,Stephanopodium,longipedicellatum,Prance,Stephanopodium longipedicellatum Prance,Árbol,,
55,1253,44,2005-08-27 00:00:00,747474,33593,1330,BC,1,7,3,8028,10,b,19,10.6,4,8,3,Indeterminado,sp. 15,,,sp. 15  ,Arbolito,,
56,1254,44,2005-08-27 00:00:00,747474,33593,1330,BC,1,7,3,8038,10,b,20,9.65,4,10,4,Lecythidaceae,Gustavia,dodsonii,S.A. Mori,Gustavia dodsonii S.A. Mori,Árbol,,
57,1255,44,2005-08-27 00:00:00,747474,33593,1330,BC,1,7,3,8028,10,b,22,9.3,4,8,2,Indeterminado,sp. 15,,,sp. 15  ,Arbolito,,
58,1256,44,2005-08-27 00:00:00,747474,33593,1330,BC,1,7,3,8039,10,b,23,16.25,18,22,8,Lauraceae,Ocotea ,aff. floccifera,Mez & Sodiro,Ocotea  aff. floccifera Mez & Sodiro,Árbol,Rosa,
59,1257,44,2005-08-27 00:00:00,747474,33593,1330,BC,1,7,3,8036,10,b,24,25.450000000000003,12,18,4,Clusiaceae,Garcinia,macrophylla,Mart.,Garcinia macrophylla Mart.,Árbol,Madroño,Latex amarillo
60,1258,44,2005-08-27 00:00:00,747474,33593,1330,BC,1,7,3,8040,10,b,25,13.5,13,20,8,Moraceae,Ficus,subandina,Dugand,Ficus subandina Dugand,Hemiepífita,,
61,1259,44,2005-08-27 00:00:00,747474,33593,1330,BC,1,7,3,8041,10,b,26,7.8,7,9,3,Rubiaceae,Faramea,oblongifolia,Standl.,Faramea oblongifolia Standl.,Arbusto,,
62,1260,44,2005-08-27 00:00:00,747474,33593,1330,BC,1,7,3,8042,10,b,27,12.3,4,6,1,Moraceae,Helicostylis,tovarensis,(Klotzsch & H. Karst.) C.C. Berg,Helicostylis tovarensis (Klotzsch & H. Karst.) C.C. Berg,Árbol,,Latex crema
63,1261,44,2005-08-27 00:00:00,747474,33593,1330,BC,1,7,3,8043,10,b,28,7.949999999999999,1.5,6,4,Melastomataceae,Conostegia,superba,D. Don ex Naudin,Conostegia superba D. Don ex Naudin,Arbolito,,Corteza desprendible
64,1262,44,2005-08-27 00:00:00,747474,33593,1330,BC,1,7,3,8005,14,b,29,50,10,25,5,Burseraceae,Dacryodes,cupularis,Cuatrec.,Dacryodes cupularis Cuatrec.,Árbol,Copal blanco,Resina blanca fragante
65,1263,44,2005-08-27 00:00:00,747474,33593,1330,BC,1,7,3,8044,10,c,30,7,3,5,5,Melastomataceae,Conostegia,superba,D. Don ex Naudin,Conostegia superba D. Don ex Naudin,Arbolito,,Corteza desprendible
66,1264,44,2005-08-27 00:00:00,747474,33593,1330,BC,1,7,3,8005,10,c,31,34.8,15,20,1,Burseraceae,Dacryodes,cupularis,Cuatrec.,Dacryodes cupularis Cuatrec.,Árbol,Copal blanco,Resina blanca fragante
67,1265,44,2005-08-27 00:00:00,747474,33593,1330,BC,1,7,3,8045,10,c,32,17.3,10,14,2,Flacourtiaceae,Banara,guianensis,Aubl.,Banara guianensis Aubl.,Árbol,,Corteza lenticelada
68,1266,44,2005-08-27 00:00:00,747474,33593,1330,BC,1,7,3,8044,10,c,33,7.300000000000001,1,7,3,Melastomataceae,Conostegia,superba,D. Don ex Naudin,Conostegia superba D. Don ex Naudin,Arbolito,,
69,1267,44,2005-08-27 00:00:00,747474,33593,1330,BC,1,7,3,8028,10,c,34,6.4,3,6,1,Indeterminado,sp. 15,,,sp. 15  ,Arbolito,,
70,1268,44,2005-08-27 00:00:00,747474,33593,1330,BC,1,7,3,8046,10,c,35,7.300000000000001,3,9,3,Lauraceae,Endlicheria,formosa,A.C. Sm.,Endlicheria formosa A.C. Sm.,Árbol,,
71,1269,44,2005-08-27 00:00:00,747474,33593,1330,BC,1,7,3,8047,10,c,36,10.5,4,8,1,Lauraceae,Ocotea ,insularis,(Meisn.) Mez,Ocotea  insularis (Meisn.) Mez,Árbol,Rosa,
72,1270,44,2005-08-27 00:00:00,747474,33593,1330,BC,1,7,3,8005,20,a,37,59,15,24,10,Burseraceae,Dacryodes,cupularis,Cuatrec.,Dacryodes cupularis Cuatrec.,Árbol,Copal blanco,Resina blanca fragante
73,1271,44,2005-08-27 00:00:00,747474,33593,1330,BC,1,7,3,8031,24,a,38,46.5,12,20,10,Lauraceae,Persea,aff. pseudofasciculata,Kopp,Persea aff. pseudofasciculata Kopp,Árbol,Aguacatillo,Más común. Hoja enves blanco
74,1294,46,2005-08-27 00:00:00,747474,33593,1330,BC,1,7,3,8048,10,d,39,5.800000000000001,4,4.5,1,Fab-Caesalpiniaceae,Senna,dariensis,(Britton & Rose)H.S.Irwin & Barneby,Senna dariensis (Britton & Rose)H.S.Irwin & Barneby,Arbolito,,
75,1295,46,2005-08-27 00:00:00,747474,33593,1330,BC,1,7,3,8049,10,d,40,6.25,2.5,5,2,Burseraceae,Protium,ecuadorense,Benoist,Protium ecuadorense Benoist,Arbolito,Copal colorado,
76,1296,46,2005-08-27 00:00:00,747474,33593,1330,BC,1,7,3,8050,10,d,41,15.5,10,14,5,Clusiaceae,Garcinia,macrophylla,Mart.,Garcinia macrophylla Mart.,Árbol,Madroño,Latex amarillo
77,1297,46,2005-08-27 00:00:00,747474,33593,1330,BC,1,7,3,8051,10,d,42,14.45,3,5,2,Myristicaceae,Otoba,gordoniifolia,(A. DC.) A.H. Gentry,Otoba gordoniifolia (A. DC.) A.H. Gentry,Árbol,,
78,1298,46,2005-08-27 00:00:00,747474,33593,1330,BC,1,7,3,8052,10,d,43,26.25,10,16,4,Moraceae,Sorocea,jaramilloi,C.C. Berg,Sorocea jaramilloi C.C. Berg,Árbol,,Hojas simples
79,1299,46,2005-08-27 00:00:00,747474,33593,1330,BC,1,7,3,8053,10,d,44,7.4,7,12,3,Fab-Mimosoideae,Inga,aff. sapindoides,Willd.,Inga aff. sapindoides Willd.,Árbol,,
80,1300,46,2005-08-27 00:00:00,747474,33593,1330,BC,1,7,3,8054,10,d,45,5.45,3,7,1,Melastomataceae,Conostegia,superba,D. Don ex Naudin,Conostegia superba D. Don ex Naudin,Arbolito,,
81,1301,46,2005-08-27 00:00:00,747474,33593,1330,BC,1,7,3,8055,10,d,46,17.65,14,18,2,Cecropiaceae,Coussapoa,contorta,Cuatrec.,Coussapoa contorta Cuatrec.,Árbol,,
82,1302,46,2005-08-27 00:00:00,747474,33593,1330,BC,1,7,3,8056,10,d,47,11.35,15,16,4,Fab-Mimosoideae,Inga,oerstediana,Benth. ex Seem.,Inga oerstediana Benth. ex Seem.,Árbol,,
83,1303,46,2005-08-27 00:00:00,747474,33593,1330,BC,1,7,3,8057,10,d,48,24.85,13,18,6,Moraceae,Perebea,aff. xanthochyma,H. Karst.,Perebea aff. xanthochyma H. Karst.,Árbol,,
84,1304,46,2005-08-27 00:00:00,747474,33593,1330,BC,1,7,3,8058,10,d,49,51,15,25,8,Burseraceae,Dacryodes,cupularis,Cuatrec.,Dacryodes cupularis Cuatrec.,Árbol,Copal blanco,Resina blanca fragante
85,1510,53,2005-08-30 00:00:00,747223,34902,1643,BC,2,6,6,8197,10,d,28,17.25,10,17,4,Sapotaceae,Pouteria,torta,(Mart.) Radlk.,Pouteria torta (Mart.) Radlk.,Árbol,,Latex blanco
86,1511,53,2005-08-30 00:00:00,747223,34902,1643,BC,2,6,6,8198,10,d,29,16.25,13,18,2,Moraceae,Naucleopsis,naga,Pittier,Naucleopsis naga Pittier,Árbol,,Latex crema
87,1512,53,2005-08-30 00:00:00,747223,34902,1643,BC,2,6,6,8199,10,d,30,10.7,5,9,1.5,Sapotaceae,Chrysophyllum,aff. venezuelanense,(Pierre) T.D.Penn.,Chrysophyllum aff. venezuelanense (Pierre) T.D.Penn.,Árbol,,Latex blanco
88,1513,53,2005-08-30 00:00:00,747223,34902,1643,BC,2,6,6,8200,10,d,31,13,6,10,3,Lauraceae,Persea,aff. pseudofasciculata,Kopp,Persea aff. pseudofasciculata Kopp,Árbol,Aguacatillo,Más común. Hoja enves blanco
89,1514,53,2005-08-30 00:00:00,747223,34902,1643,BC,2,6,6,8201,10,d,32,6.5,1.7,2,0.5,Theophrastaceae,Clavija,membranacea,Mez,Clavija membranacea Mez,Arbusto,Coco,
90,1515,53,2005-08-30 00:00:00,747223,34902,1643,BC,2,6,6,8202,10,d,33,5.75,4,7,2,Sapotaceae,Pouteria,torta,(Mart.) Radlk.,Pouteria torta (Mart.) Radlk.,Árbol,,
91,1516,53,2005-08-30 00:00:00,747223,34902,1643,BC,2,6,6,8203,10,d,34,48.5,15,20,4,Myristicaceae,Otoba,gordoniifolia,(A. DC.) A.H. Gentry,Otoba gordoniifolia (A. DC.) A.H. Gentry,Árbol,Sangre de gallina,
92,1517,53,2005-08-30 00:00:00,747223,34902,1643,BC,2,6,6,8204,15,d,35,48,19,26,9,Lauraceae,Ocotea ,aff. oblonga,(Meisn.) Mez,Ocotea  aff. oblonga (Meisn.) Mez,Árbol,Yalte,
93,1518,53,2005-08-30 00:00:00,747223,34902,1643,BC,2,6,6,8205,15,d,36,38,7,23,4,Dichapetalaceae,Stephanopodium,angulatum,(Little) Prance,Stephanopodium angulatum (Little) Prance,Árbol,,
94,1519,53,2005-08-30 00:00:00,747223,34902,1643,BC,2,6,6,8206,25,d,37,57.5,15,25,4,Myristicaceae,Otoba,gordoniifolia,(A. DC.) A.H. Gentry,Otoba gordoniifolia (A. DC.) A.H. Gentry,Árbol,Sangre de gallina,
95,1520,53,2005-08-30 00:00:00,747223,34902,1643,BC,2,6,6,8207,20,d,38,64,15,25,6,Myristicaceae,Otoba,gordoniifolia,(A. DC.) A.H. Gentry,Otoba gordoniifolia (A. DC.) A.H. Gentry,Árbol,Sangre de gallina,
96,1521,53,2005-08-30 00:00:00,747223,34902,1643,BC,2,6,6,8208,25,d,39,45.15,9,20,6,Rubiaceae,sp.2,,,sp.2  ,Árbol,,
97,1522,54,2005-08-30 00:00:00,747223,34902,1643,BC,2,6,6,8174,10,a,1,14.25,5,6,0.5,Fab-Mimosoideae,Abarema,sp.,,Abarema sp. ,Árbol,,
98,1523,54,2005-08-30 00:00:00,747223,34902,1643,BC,2,6,6,8175,10,a,2,10.2,12,17,2,Lauraceae,Aniba,aff. hostmanniana,(Nees) Mez,Aniba aff. hostmanniana (Nees) Mez,Árbol,Rosa,
99,1524,54,2005-08-30 00:00:00,747223,34902,1643,BC,2,6,6,8175,10,a,3,11.55,4,17,0.5,Lauraceae,Aniba,aff. hostmanniana,(Nees) Mez,Aniba aff. hostmanniana (Nees) Mez,Árbol,Aguacatillo,Más común. Hoja enves blanco
100,1525,54,2005-08-30 00:00:00,747223,34902,1643,BC,2,6,6,8176,10,a,4,11.95,10,11,1,Sapotaceae,Chrysophyllum,aff. venezuelanense,(Pierre) T.D.Penn.,Chrysophyllum aff. venezuelanense (Pierre) T.D.Penn.,Árbol,,
101,1526,54,2005-08-30 00:00:00,747223,34902,1643,BC,2,6,6,8177,10,a,5,46,13,22,6,Myristicaceae,Otoba,gordoniifolia,(A. DC.) A.H. Gentry,Otoba gordoniifolia (A. DC.) A.H. Gentry,Árbol,Sangre de gallina,
102,1527,54,2005-08-30 00:00:00,747223,34902,1643,BC,2,6,6,8178,10,a,6,41.75,9,15,8,Dichapetalaceae,Stephanopodium,longipedicellatum,Prance,Stephanopodium longipedicellatum Prance,Árbol,,
103,1528,54,2005-08-30 00:00:00,747223,34902,1643,BC,2,6,6,8174,10,a,7,7.2,4,8,1,Fab-Mimosoideae,Abarema,sp.,,Abarema sp. ,Árbol,,
104,1529,54,2005-08-30 00:00:00,747223,34902,1643,BC,2,6,6,8174,10,a,8,16.95,1.3,15,3,Fab-Mimosoideae,Abarema,sp.,,Abarema sp. ,Árbol,,
105,1530,54,2005-08-30 00:00:00,747223,34902,1643,BC,2,6,6,8179,10,a,9,8.5,1.8,5,1,Moraceae,Ficus,subandina,Dugand,Ficus subandina Dugand,Hemiepífita,,
106,1531,54,2005-08-30 00:00:00,747223,34902,1643,BC,2,6,6,8180,10,b,10,32.5,8,26,10,Moraceae,Ficus,cuatrecasana,Dugand,Ficus cuatrecasana Dugand,Hemiepífita,,
107,1532,54,2005-08-30 00:00:00,747223,34902,1643,BC,2,6,6,8181,10,b,11,62,14,30,14,Lauraceae,Persea,aff. pseudofasciculata,Kopp,Persea aff. pseudofasciculata Kopp,Árbol,Aguacatillo,Más común. Hoja enves blanco
108,1533,54,2005-08-30 00:00:00,747223,34902,1643,BC,2,6,6,8182,10,b,12,33.85,17,28,10,Sapotaceae,Chrysophyllum ,sp.,,Chrysophyllum  sp. ,Árbol,,
109,1534,54,2005-08-30 00:00:00,747223,34902,1643,BC,2,6,6,8183,10,b,13,55.5,13,25,7,Myristicaceae,Otoba,gordoniifolia,(A. DC.) A.H. Gentry,Otoba gordoniifolia (A. DC.) A.H. Gentry,Árbol,Sangre de gallina,
110,1535,54,2005-08-30 00:00:00,747223,34902,1643,BC,2,6,6,8181,10,b,14,46.5,20,28,10,Lauraceae,Persea,aff. pseudofasciculata,Kopp,Persea aff. pseudofasciculata Kopp,Árbol,Aguacatillo,Más común. Hoja enves blanco
111,1536,54,2005-08-30 00:00:00,747223,34902,1643,BC,2,6,6,8184,10,b,15,9.8,0,0,0,Indeterminado,sp. 16,,,sp. 16  ,Liana,,Liana de dosel
112,1537,54,2005-08-30 00:00:00,747223,34902,1643,BC,2,6,6,8185,10,b,16,21.549999999999997,12,23,6,Lauraceae,Persea,aff. pseudofasciculata,Kopp,Persea aff. pseudofasciculata Kopp,Árbol,Aguacatillo,Más común. Hoja enves blanco
113,1538,54,2005-08-30 00:00:00,747223,34902,1643,BC,2,6,6,8186,10,b,17,10.7,11,14,1,Lecythidaceae,Eschweilera,caudiculata,R. Knuth,Eschweilera caudiculata R. Knuth,Árbol,,
114,1539,54,2005-08-30 00:00:00,747223,34902,1643,BC,2,6,6,8185,10,c,18,5.550000000000001,5,6.5,2,Lauraceae,Persea,aff. pseudofasciculata,Kopp,Persea aff. pseudofasciculata Kopp,Árbol,Aguacatillo,Más común. Hoja enves blanco
115,1540,54,2005-08-30 00:00:00,747223,34902,1643,BC,2,6,6,8186,10,c,19,7.199999999999999,4,7,0.5,Lecythidaceae,Eschweilera,caudiculata,R. Knuth,Eschweilera caudiculata R. Knuth,Árbol,,
116,1541,54,2005-08-30 00:00:00,747223,34902,1643,BC,2,6,6,8187,10,c,20,38.5,16,24,11,Meliaceae,Guarea,kunthiana,A. Juss.,Guarea kunthiana A. Juss.,Árbol,,
117,1542,54,2005-08-30 00:00:00,747223,34902,1643,BC,2,6,6,8188,10,c,21,5.6,6,7,1,Sapotaceae,Chrysophyllum,aff. venezuelanense,(Pierre) T.D.Penn.,Chrysophyllum aff. venezuelanense (Pierre) T.D.Penn.,Árbol,,
118,1543,54,2005-08-30 00:00:00,747223,34902,1643,BC,2,6,6,8183,15,c,22,59.25,14,27,12,Myristicaceae,Otoba,gordoniifolia,(A. DC.) A.H. Gentry,Otoba gordoniifolia (A. DC.) A.H. Gentry,Árbol,Sangre de gallina,
119,1544,54,2005-08-30 00:00:00,747223,34902,1643,BC,2,6,6,8189,10,c,23,40.5,15,25,10,Cecropiaceae,Cecropia,andina,Cuatrec.,Cecropia andina Cuatrec.,Árbol,,
120,1545,54,2005-08-30 00:00:00,747223,34902,1643,BC,2,6,6,8185,10,c,24,8.7,8,11,2,Lauraceae,Persea,aff. pseudofasciculata,Kopp,Persea aff. pseudofasciculata Kopp,Árbol,Aguacatillo,Más común. Hoja enves blanco
121,1546,54,2005-08-30 00:00:00,747223,34902,1643,BC,2,6,6,8190,10,c,25,5.75,5.5,9,2,Rubiaceae,Palicourea,thyrsiflora,(Ruiz & Pav.) DC.,Palicourea thyrsiflora (Ruiz & Pav.) DC.,Arbolito,,
122,1547,54,2005-08-30 00:00:00,747223,34902,1643,BC,2,6,6,8178,10,c,26,35.349999999999994,13,21,9,Dichapetalaceae,Stephanopodium,longipedicellatum,Prance,Stephanopodium longipedicellatum Prance,Árbol,,
123,1548,54,2005-08-30 00:00:00,747223,34902,1643,BC,2,6,6,8183,25,c,27,60,18,28,11,Myristicaceae,Otoba,gordoniifolia,(A. DC.) A.H. Gentry,Otoba gordoniifolia (A. DC.) A.H. Gentry,Árbol,Sangre de gallina,
124,1689,60,2005-09-14 00:00:00,747476,34668,1627,BC,2,6,9,8322,10,a,1,52.1,12,23,10,Annonaceae,Guatteria,megalophylla,Diels,Guatteria megalophylla Diels,Árbol,,Flores amarillas. Frutos inmaduros verdes
125,1690,60,2005-09-14 00:00:00,747476,34668,1627,BC,2,6,9,8323,10,a,2,13.3,8,15,6,Clusiaceae,Clusia,dixonii,Little,Clusia dixonii Little,Hemiepífita,,Latex amarillo
126,1691,60,2005-09-14 00:00:00,747476,34668,1627,BC,2,6,9,8324,10,a,3,9.55,2,3.5,3,Cyatheaceae,Cyathea,caracasana,(Klotzsch) Domin,Cyathea caracasana (Klotzsch) Domin,Árbol,Helecho arboreo,"Esporas café claro, escamas cónicas"
127,1692,60,2005-09-14 00:00:00,747476,34668,1627,BC,2,6,9,8325,10,a,4,11,6,9,3.5,Rubiaceae,Palicourea,thyrsiflora,(Ruiz & Pav.) DC.,Palicourea thyrsiflora (Ruiz & Pav.) DC.,Arbolito,,Flores rosadas
128,1693,60,2005-09-14 00:00:00,747476,34668,1627,BC,2,6,9,8326,10,a,5,47.7,13,19,10,Lauraceae,Persea,aff. pseudofasciculata,Kopp,Persea aff. pseudofasciculata Kopp,Árbol,Aguacatillo,Más común. Hoja enves blanco
129,1694,60,2005-09-14 00:00:00,747476,34668,1627,BC,2,6,9,8327,10,a,6,15.2,7,8,1,Rubiaceae,Elaeagia,karstenii,Standl.,Elaeagia karstenii Standl.,Árbol,,
130,1695,60,2005-09-14 00:00:00,747476,34668,1627,BC,2,6,9,8328,25,a,7,46.2,10,20,8,Lauraceae,Beilschmiedia,aff. costaricensis,(Mez & Pittier) C.K. Allen,Beilschmiedia aff. costaricensis (Mez & Pittier) C.K. Allen,Árbol,Rosa,Corteza desprendible en escamas grandes
131,1696,60,2005-09-14 00:00:00,747476,34668,1627,BC,2,6,9,8329,25,a,8,44.2,16,24,10,Sapotaceae,Pouteria,torta,(Mart.) Radlk.,Pouteria torta (Mart.) Radlk.,Árbol,,Corteza desprendible en escamas alargadas
132,1697,60,2005-09-14 00:00:00,747476,34668,1627,BC,2,6,9,8330,28,a,9,46.3,3.5,14,6,Moraceae,Ficus,dulciaria,Dugand,Ficus dulciaria Dugand,Árbol,,
133,1698,60,2005-09-14 00:00:00,747476,34668,1627,BC,2,6,9,8331,28,b,10,38.15,16,20,10,Lauraceae,sp. 1,,,sp. 1  ,Árbol,,
134,1699,60,2005-09-14 00:00:00,747476,34668,1627,BC,2,6,9,8332,30,b,11,50.15,14,20,8,Euphorbiaceae,Hieronyma,alchorneoides,Allemāo,Hieronyma alchorneoides Allemāo,Árbol,,Corteza interna y sabia roja.
135,1700,60,2005-09-14 00:00:00,747476,34668,1627,BC,2,6,9,8333,10,a,12,40.45,5,17,6,Euphorbiaceae,Alchornea,cf. leptogyna,Diels,Alchornea cf. leptogyna Diels,Árbol,,Copa rota
136,1701,60,2005-09-14 00:00:00,747476,34668,1627,BC,2,6,9,8334,10,a,13,9.45,6,8,3,Bombacaceae,Matisia,aff. bolivarii,Cuatrec.,Matisia aff. bolivarii Cuatrec.,Arbolito,,
137,1702,60,2005-09-14 00:00:00,747476,34668,1627,BC,2,6,9,8335,10,a,14,18.7,2,15,4,Myrtaceae,Calyptranthes,sp. ,,Calyptranthes sp.  ,Árbol,,
138,1703,60,2005-09-14 00:00:00,747476,34668,1627,BC,2,6,9,8336,10,a,15,13.55,12,15,2,Lauraceae,Rhodostemonodaphne,cyclops,Madriñan,Rhodostemonodaphne cyclops Madriñan,Árbol,,"Corteza amarillenta, envés de la hoja pubescente"
139,1704,60,2005-09-14 00:00:00,747476,34668,1627,BC,2,6,9,8331,10,a,16,42.5,9.8,10,0,Lauraceae,sp. 1,,,sp. 1  ,Árbol,,10
140,1705,60,2005-09-14 00:00:00,747476,34668,1627,BC,2,6,9,8337,10,a,17,11.600000000000001,11,13,1,Lecythidaceae,Eschweilera,caudiculata,R. Knuth,Eschweilera caudiculata R. Knuth,Árbol,,
141,1706,60,2005-09-14 00:00:00,747476,34668,1627,BC,2,6,9,8330,10,b,18,37.45,10,17,8,Moraceae,Ficus,dulciaria,Dugand,Ficus dulciaria Dugand,Árbol,,
142,1707,60,2005-09-14 00:00:00,747476,34668,1627,BC,2,6,9,8337,10,b,19,11.05,2,7,0.5,Lecythidaceae,Eschweilera,caudiculata,R. Knuth,Eschweilera caudiculata R. Knuth,Árbol,,17
143,1708,60,2005-09-14 00:00:00,747476,34668,1627,BC,2,6,9,8326,10,b,20,29.65,8,16,6,Lauraceae,Persea,aff. pseudofasciculata,Kopp,Persea aff. pseudofasciculata Kopp,Árbol,Aguacatillo,Más común. Hoja enves blanco
144,1709,60,2005-09-14 00:00:00,747476,34668,1627,BC,2,6,9,8322,10,b,21,42.05,13,24,7,Annonaceae,Guatteria,megalophylla,Diels,Guatteria megalophylla Diels,Árbol,,1
145,1710,60,2005-09-14 00:00:00,747476,34668,1627,BC,2,6,9,8338,14,b,22,46.65,8.5,28,13,Lecythidaceae,Eschweilera,caudiculata,R. Knuth,Eschweilera caudiculata R. Knuth,Árbol,,
146,1711,60,2005-09-14 00:00:00,747476,34668,1627,BC,2,6,9,8339,10,b,23,24.299999999999997,10,17,5,Araliaceae,Oreopanax,confusus,Marchal,Oreopanax confusus Marchal,Árbol,,Corteza interior rosada
147,1712,60,2005-09-14 00:00:00,747476,34668,1627,BC,2,6,9,8326,10,b,24,8.100000000000001,5,6.5,2.5,Lauraceae,Persea,aff. pseudofasciculata,Kopp,Persea aff. pseudofasciculata Kopp,Árbol,Aguacatillo,Más común. Hoja enves blanco
148,1713,60,2005-09-14 00:00:00,747476,34668,1627,BC,2,6,9,8326,10,b,25,7.300000000000001,5,7.5,3,Lauraceae,Persea,aff. pseudofasciculata,Kopp,Persea aff. pseudofasciculata Kopp,Árbol,Aguacatillo,Más común. Hoja enves blanco
149,1714,60,2005-09-14 00:00:00,747476,34668,1627,BC,2,6,9,8340,10,b,26,8.899999999999999,0.8,7,3,Rubiaceae,Faramea,oblongifolia,Standl.,Faramea oblongifolia Standl.,Arbusto,,Con frutos
150,1715,60,2005-09-14 00:00:00,747476,34668,1627,BC,2,6,9,8340,10,c,27,6.7,1,4,0.5,Rubiaceae,Faramea,oblongifolia,Standl.,Faramea oblongifolia Standl.,Arbusto,,
151,1716,60,2005-09-14 00:00:00,747476,34668,1627,BC,2,6,9,8341,10,c,28,10.65,5.5,7,0.8,Lecythidaceae,Eschweilera,caudiculata,R. Knuth,Eschweilera caudiculata R. Knuth,Árbol,Teme,
152,1717,60,2005-09-14 00:00:00,747476,34668,1627,BC,2,6,9,8342,10,c,29,5,6.5,7,1,Piperaceae,Piper,fuliginosum,Sodiro,Piper fuliginosum Sodiro,Arbusto,,
153,1718,60,2005-09-14 00:00:00,747476,34668,1627,BC,2,6,9,8343,10,c,30,26.7,10,14,4,Dichapetalaceae,Stephanopodium,longipedicellatum,Prance,Stephanopodium longipedicellatum Prance,Árbol,,Corteza interior cream
154,1719,60,2005-09-14 00:00:00,747476,34668,1627,BC,2,6,9,8344,10,c,31,8,3,6,2,Myristicaceae,Otoba,gordoniifolia,(A. DC.) A.H. Gentry,Otoba gordoniifolia (A. DC.) A.H. Gentry,Árbol,Sangre de gallina,
155,1720,60,2005-09-14 00:00:00,747476,34668,1627,BC,2,6,9,8326,10,c,32,30.2,9,15,9,Lauraceae,Persea,aff. pseudofasciculata,Kopp,Persea aff. pseudofasciculata Kopp,Árbol,Aguacatillo,Más común. Hoja enves blanco
156,1721,60,2005-09-14 00:00:00,747476,34668,1627,BC,2,6,9,8345,10,c,33,34.85,7,17,8,Lauraceae,Rhodostemonodaphne,cyclops,Madriñan,Rhodostemonodaphne cyclops Madriñan,Árbol,,Hoja envés pubescente
157,1722,60,2005-09-14 00:00:00,747476,34668,1627,BC,2,6,9,8346,10,c,34,7.55,5,7,3,Fab-Caesalpiniaceae,Senna,dariensis,(Britton & Rose)H.S.Irwin & Barneby,Senna dariensis (Britton & Rose)H.S.Irwin & Barneby,Arbolito,,Hoja compuesta paripinada
158,1723,60,2005-09-14 00:00:00,747476,34668,1627,BC,2,6,9,8347,10,c,35,9,6,7,4,Meliaceae,Trichilia,sp.,,Trichilia sp. ,Arbolito,,
159,1724,60,2005-09-14 00:00:00,747476,34668,1627,BC,2,6,9,8340,10,c,36,14.45,2.5,8,3,Rubiaceae,Faramea,oblongifolia,Standl.,Faramea oblongifolia Standl.,Arbusto,,26
160,1725,60,2005-09-14 00:00:00,747476,34668,1627,BC,2,6,9,8348,10,c,37,7.5,1,4,0.5,Moraceae,vs. Perebea,angustifolia,(Poepp. & Endl.) C.C. Berg,vs. Perebea angustifolia (Poepp. & Endl.) C.C. Berg,Árbol,,Latex crema
161,1726,60,2005-09-14 00:00:00,747476,34668,1627,BC,2,6,9,8349,10,c,38,14,10,15,3,Lauraceae,Ocotea ,aff. heterochroma,Mez & Sodiro,Ocotea  aff. heterochroma Mez & Sodiro,Árbol,Colorado,"Corteza interna canela, con línaes longitunidales café oscuras"
162,1727,60,2005-09-14 00:00:00,747476,34668,1627,BC,2,6,9,8350,10,d,39,27,11,16,4,Moraceae,Ficus,dulciaria,Dugand,Ficus dulciaria Dugand,Árbol,,Latex crema
163,1728,60,2005-09-14 00:00:00,747476,34668,1627,BC,2,6,9,8340,10,d,40,7.8999999999999995,4,7,2,Rubiaceae,Faramea,oblongifolia,Standl.,Faramea oblongifolia Standl.,Arbusto,,26
164,1729,60,2005-09-14 00:00:00,747476,34668,1627,BC,2,6,9,8351,10,d,41,7.5,6.5,7,2,Clusiaceae,Chrysochlamys,dependens,Planch. & Triana,Chrysochlamys dependens Planch. & Triana,Árbol,,Corteza interna rosada tenue
165,1730,60,2005-09-14 00:00:00,747476,34668,1627,BC,2,6,9,8340,10,d,42,9.75,1.2,5,3,Rubiaceae,Faramea,oblongifolia,Standl.,Faramea oblongifolia Standl.,Arbusto,,26
166,1731,60,2005-09-14 00:00:00,747476,34668,1627,BC,2,6,9,8352,10,d,43,19.35,5,18,4,Clusiaceae,Chrysochlamys,dependens,Planch. & Triana,Chrysochlamys dependens Planch. & Triana,Árbol,,Fruto rosado
167,1732,61,2005-09-14 00:00:00,747476,34668,1627,BC,2,6,9,8353,10,d,44,18.5,10,15,4,Burseraceae,Dacryodes,cupularis,Cuatrec.,Dacryodes cupularis Cuatrec.,Árbol,Copal colorado,
168,1733,61,2005-09-14 00:00:00,747476,34668,1627,BC,2,6,9,8354,10,d,45,9.5,5,8,3,Myrtaceae,Myrcia,cf. fallax,(Rich.) DC.,Myrcia cf. fallax (Rich.) DC.,Árbol,Chuagalo,
169,1734,61,2005-09-14 00:00:00,747476,34668,1627,BC,2,6,9,8355,15,d,46,9.25,3,5,3,Melastomataceae,Conostegia,aff. centronioides,Markgr.,Conostegia aff. centronioides Markgr.,Arbolito,,Hoja mediana
170,1735,61,2005-09-14 00:00:00,747476,34668,1627,BC,2,6,9,8356,17,d,47,49.7,8,15,7,Elaeocarpaceae,Sloanea,sp. 1,,Sloanea sp. 1 ,Árbol,,Corteza interna rosada
171,1736,61,2005-09-14 00:00:00,747476,34668,1627,BC,2,6,9,8357,16,d,48,55.5,9,28,15,Annonaceae,Rollinia,edulis,Triana & Planch.,Rollinia edulis Triana & Planch.,Árbol,,
172,1737,61,2005-09-14 00:00:00,747476,34668,1627,BC,2,6,9,8358,18,d,49,42,14,24,8,Lauraceae,sp. 1,,,sp. 1  ,Árbol,Pacche canelo,
173,1776,63,2005-09-15 00:00:00,747945,33576,1413,BC,1,7,6,8386,10,a,1,9.5,8,11,3.5,Clusiaceae,Garcinia,macrophylla,Mart.,Garcinia macrophylla Mart.,Árbol,Madroño,Latex amarillo
174,1777,63,2005-09-15 00:00:00,747945,33576,1413,BC,1,7,6,8387,10,a,2,7,4.5,6,1,Clusiaceae,Chrysochlamys,dependens,Planch. & Triana,Chrysochlamys dependens Planch. & Triana,Árbol,,Hoja simple y opuesta
175,1778,63,2005-09-15 00:00:00,747945,33576,1413,BC,1,7,6,8388,10,a,3,7.25,2,5,3.5,Melastomataceae,Ossaea,micrantha,(Sw.) Macfad. ex Cogn.,Ossaea micrantha (Sw.) Macfad. ex Cogn.,Arbolito,Morochillo,"Hoja pequeña, Frutos blancos y tranparentes."
176,1779,63,2005-09-15 00:00:00,747945,33576,1413,BC,1,7,6,8389,10,a,4,8,2.5,3,0.5,Moraceae,Helicostylis,tomentosa,(Poepp. & Endl.) Rusby,Helicostylis tomentosa (Poepp. & Endl.) Rusby,Árbol,,Latex blanco
177,1780,63,2005-09-15 00:00:00,747945,33576,1413,BC,1,7,6,8390,10,a,5,8.5,8,11,1.5,Burseraceae,Dacryodes,cupularis,Cuatrec.,Dacryodes cupularis Cuatrec.,Árbol,Copal blanco,Resina blanca fragante
178,1781,63,2005-09-15 00:00:00,747945,33576,1413,BC,1,7,6,8391,10,a,6,7.5,3,6,2,Rubiaceae,Faramea,oblongifolia,Standl.,Faramea oblongifolia Standl.,Arbusto,,
179,1782,63,2005-09-15 00:00:00,747945,33576,1413,BC,1,7,6,8387,10,a,7,8.25,4,6,2,Clusiaceae,Chrysochlamys,dependens,Planch. & Triana,Chrysochlamys dependens Planch. & Triana,Árbol,,Hoja simple y opuesta
180,1783,63,2005-09-15 00:00:00,747945,33576,1413,BC,1,7,6,8392,10,a,8,50.5,9.8,10,7,Burseraceae,Dacryodes,cupularis,Cuatrec.,Dacryodes cupularis Cuatrec.,Árbol,,
181,1784,63,2005-09-15 00:00:00,747945,33576,1413,BC,1,7,6,8393,10,a,9,7.449999999999999,6,7,3,Lauraceae,Nectandra,aff. Purpurea ,Ruiz & Pav.,Nectandra aff. Purpurea Ruiz & Pav,Árbol,Alpa,
182,1785,63,2005-09-15 00:00:00,747945,33576,1413,BC,1,7,6,8387,10,a,10,12.5,3,7.5,3.5,Clusiaceae,Chrysochlamys,dependens,Planch. & Triana,Chrysochlamys dependens Planch. & Triana,Árbol,,Hoja simple y opuesta
183,1786,63,2005-09-15 00:00:00,747945,33576,1413,BC,1,7,6,8394,10,a,11,17.5,6,13,4.5,Moraceae,Clarisia,biflora,Ruiz & Pav.,Clarisia biflora Ruiz & Pav.,Árbol,Caracho,Abundante latex blanco
184,1787,63,2005-09-15 00:00:00,747945,33576,1413,BC,1,7,6,8394,10,b,12,37.25,6,7.5,3,Moraceae,Clarisia,biflora,Ruiz & Pav.,Clarisia biflora Ruiz & Pav.,Árbol,Caracho,Abundante latex blanco
185,1788,63,2005-09-15 00:00:00,747945,33576,1413,BC,1,7,6,8395,10,b,13,6.85,5,6,0.5,Burseraceae,Dacryodes,cupularis,Cuatrec.,Dacryodes cupularis Cuatrec.,Arbolito,Copal blanco,Resina blanca fragante
186,1789,63,2005-09-15 00:00:00,747945,33576,1413,BC,1,7,6,8387,10,b,14,6.5,4,6,3,Clusiaceae,Chrysochlamys,dependens,Planch. & Triana,Chrysochlamys dependens Planch. & Triana,Árbol,,Hoja simple y opuesta
187,1790,63,2005-09-15 00:00:00,747945,33576,1413,BC,1,7,6,8396,10,b,15,9,7,9,3,Myrtaceae,Eugenia,florida,DC.,Eugenia florida DC.,Árbol,Arrayán,
188,1791,63,2005-09-15 00:00:00,747945,33576,1413,BC,1,7,6,8397,10,b,16,5.3,3,7,2,Meliaceae,Guarea,cf. pubescens,(Rich.) A. Juss.,Guarea cf. pubescens (Rich.) A. Juss.,Árbol,,
189,1792,63,2005-09-15 00:00:00,747945,33576,1413,BC,1,7,6,8386,10,b,17,32.25,15,22,6,Clusiaceae,Garcinia,macrophylla,Mart.,Garcinia macrophylla Mart.,Árbol,Madroño,Latex amarillo
190,1793,63,2005-09-15 00:00:00,747945,33576,1413,BC,1,7,6,8398,14,b,18,49.5,20,28,10,Myristicaceae,Virola,sp.,,Virola sp. ,Árbol,,
191,1794,63,2005-09-15 00:00:00,747945,33576,1413,BC,1,7,6,8399,10,c,19,9.8,6,10,2,Melastomataceae,Meriania,finicola,Wurdack,Meriania finicola Wurdack,Árbol,,Hoja grande. Foliolos jóvenes blanquecinos
192,1795,63,2005-09-15 00:00:00,747945,33576,1413,BC,1,7,6,8395,10,c,20,11,7,13,3,Burseraceae,Dacryodes,cupularis,Cuatrec.,Dacryodes cupularis Cuatrec.,Árbol,Copal blanco,Resina blanca fragante
193,1796,63,2005-09-15 00:00:00,747945,33576,1413,BC,1,7,6,8400,11,c,21,50.1,10,25,8,Burseraceae,Dacryodes,cupularis,Cuatrec.,Dacryodes cupularis Cuatrec.,Árbol,Copal blanco,Resina blanca fragante
194,1797,63,2005-09-15 00:00:00,747945,33576,1413,BC,1,7,6,8386,10,c,22,20.5,10,18,6,Clusiaceae,Garcinia,macrophylla,Mart.,Garcinia macrophylla Mart.,Árbol,Madroño,Latex amarillo
195,1798,63,2005-09-15 00:00:00,747945,33576,1413,BC,1,7,6,8401,10,c,23,31.5,15,22,6,Lauraceae,Beilschmiedia,aff. costaricensis,(Mez & Pittier) C.K. Allen,Beilschmiedia aff. costaricensis (Mez & Pittier) C.K. Allen,Árbol,Alpa,
196,1799,63,2005-09-15 00:00:00,747945,33576,1413,BC,1,7,6,8402,11,c,24,41.2,18,24,5,Moraceae,Pseudolmedia,rigida,(Klotzsch & H. Karst.) Cuatrec.,Pseudolmedia rigida (Klotzsch & H. Karst.) Cuatrec.,Árbol,,Latex crema
197,1800,63,2005-09-15 00:00:00,747945,33576,1413,BC,1,7,6,8386,10,c,25,6.5,7,9,3,Clusiaceae,Garcinia,macrophylla,Mart.,Garcinia macrophylla Mart.,Árbol,Madroño,Latex amarillo
198,1801,63,2005-09-15 00:00:00,747945,33576,1413,BC,1,7,6,8388,10,c,26,11.1,5.5,9,4,Melastomataceae,Ossaea,micrantha,(Sw.) Macfad. ex Cogn.,Ossaea micrantha (Sw.) Macfad. ex Cogn.,Arbolito,Morochillo,"Hoja pequeña, Frutos blancos y tranparentes."
199,1802,63,2005-09-15 00:00:00,747945,33576,1413,BC,1,7,6,8403,10,c,27,8,3,7,1.5,Lauraceae,Endlicheria,klugii,O. Schmidt,Endlicheria klugii O. Schmidt,Árbol,,
200,1803,63,2005-09-15 00:00:00,747945,33576,1413,BC,1,7,6,8400,10,c,28,20.25,14,19,8,Burseraceae,Dacryodes,cupularis,Cuatrec.,Dacryodes cupularis Cuatrec.,Árbol,Copal blanco,Resina blanca fragante
201,1804,63,2005-09-15 00:00:00,747945,33576,1413,BC,1,7,6,8400,20,c,29,76.5,5,15,1,Burseraceae,Dacryodes,cupularis,Cuatrec.,Dacryodes cupularis Cuatrec.,Árbol,Copal blanco,Resina blanca fragante
202,1805,63,2005-09-15 00:00:00,747945,33576,1413,BC,1,7,6,8404,10,c,30,31.5,15,20,5,Elaeocarpaceae,Sloanea,sp. 1,,Sloanea sp. 1 ,Árbol,,
203,1806,63,2005-09-15 00:00:00,747945,33576,1413,BC,1,7,6,8399,10,c,31,9.5,5,8,3,Melastomataceae,Meriania,finicola,Wurdack,Meriania finicola Wurdack,Árbol,,Hoja grande. Foliolos jóvenes blanquecinos
204,1807,63,2005-09-15 00:00:00,747945,33576,1413,BC,1,7,6,8386,10,d,32,35,5,20,6,Clusiaceae,Garcinia,macrophylla,Mart.,Garcinia macrophylla Mart.,Árbol,Madroño,Latex amarillo
205,1808,63,2005-09-15 00:00:00,747945,33576,1413,BC,1,7,6,8405,10,d,33,13.899999999999999,5,6,0.2,Moraceae,Pseudolmedia,rigida,(Klotzsch & H. Karst.) Cuatrec.,Pseudolmedia rigida (Klotzsch & H. Karst.) Cuatrec.,Árbol,,Latex crema
206,1809,63,2005-09-15 00:00:00,747945,33576,1413,BC,1,7,6,8406,10,d,34,7.65,6,7,3.5,Moraceae,Clarisia,biflora,Ruiz & Pav.,Clarisia biflora Ruiz & Pav.,Árbol,Caracho,Abundante latex blanco
207,1810,63,2005-09-15 00:00:00,747945,33576,1413,BC,1,7,6,8386,10,d,35,36.75,5,20,5,Clusiaceae,Garcinia,macrophylla,Mart.,Garcinia macrophylla Mart.,Árbol,Madroño,Latex amarillo
208,1811,63,2005-09-15 00:00:00,747945,33576,1413,BC,1,7,6,8399,10,d,36,8.15,4.5,7,2,Melastomataceae,Meriania,finicola,Wurdack,Meriania finicola Wurdack,Árbol,,Hoja grande. Foliolos jóvenes blanquecinos
209,1812,63,2005-09-15 00:00:00,747945,33576,1413,BC,1,7,6,8399,10,d,37,11.75,5,8,3,Melastomataceae,Meriania,finicola,Wurdack,Meriania finicola Wurdack,Árbol,,Hoja grande. Foliolos jóvenes blanquecinos
210,1813,63,2005-09-15 00:00:00,747945,33576,1413,BC,1,7,6,8399,10,d,38,5.65,1.5,5.5,2,Melastomataceae,Meriania,finicola,Wurdack,Meriania finicola Wurdack,Árbol,,Hoja grande. Foliolos jóvenes blanquecinos
211,1814,63,2005-09-15 00:00:00,747945,33576,1413,BC,1,7,6,8407,10,d,39,7.300000000000001,4.5,8,2,Meliaceae,Guarea,aff. macrophylla,Vahl,Guarea aff. macrophylla Vahl,Árbol,,Hoja compuesta
212,1815,63,2005-09-15 00:00:00,747945,33576,1413,BC,1,7,6,8400,15,d,40,43.05,15,29,10,Burseraceae,Dacryodes,cupularis,Cuatrec.,Dacryodes cupularis Cuatrec.,Árbol,Copal blanco,Resina blanca fragante
213,1816,63,2005-09-15 00:00:00,747945,33576,1413,BC,1,7,6,8408,20,d,41,80,13,28,8,Chrysobalanaceae,Licania,sp.,,Licania sp. ,Árbol,,
214,1817,63,2005-09-15 00:00:00,747945,33576,1413,BC,1,7,6,8400,20,a,42,69.5,17,28,10,Burseraceae,Dacryodes,cupularis,Cuatrec.,Dacryodes cupularis Cuatrec.,Árbol,Copal blanco,Resina blanca fragante
215,1818,63,2005-09-15 00:00:00,747945,33576,1413,BC,1,7,6,8409,20,a,43,65,15,25,10,Lauraceae,Caryodaphnopsis,theobromifolia,(A.H. Gentry) van der Werff & H.G. Richt.,Caryodaphnopsis theobromifolia (A.H. Gentry) van der Werff & H.G. Richt.,Árbol,Caoba,
216,1819,64,2005-09-16 00:00:00,747981,33545,1401,BC,1,7,9,8410,10,a,1,7.5,7,11,2,Rubiaceae,Faramea,oblongifolia,Standl.,Faramea oblongifolia Standl.,Arbusto,,
217,1820,64,2005-09-16 00:00:00,747981,33545,1401,BC,1,7,9,8411,10,a,2,5,2,4,2,Lecythidaceae,Eschweilera,rimbachii,Standl.,Eschweilera rimbachii Standl.,Árbol,,
218,1821,64,2005-09-16 00:00:00,747981,33545,1401,BC,1,7,9,8412,10,a,3,8,5,7,2,Rubiaceae,Palicourea,gibbosa,Dwyer,Palicourea gibbosa Dwyer,Arbolito,,
219,1822,64,2005-09-16 00:00:00,747981,33545,1401,BC,1,7,9,8410,10,a,4,5.25,3,5,3,Rubiaceae,Faramea,sp.,,Faramea sp. ,Arbusto,Cafetillo,
220,1823,64,2005-09-16 00:00:00,747981,33545,1401,BC,1,7,9,8413,10,a,5,16.5,9,12,5,Lauraceae,Persea,pseudofasciculata,Kopp,Persea pseudofasciculata Kopp,Árbol,Aguacatillo,Más común. Hoja enves blanco
221,1824,64,2005-09-16 00:00:00,747981,33545,1401,BC,1,7,9,8414,15,a,6,10,7,11,2.5,Fab-Mimosoideae,Inga,lallensis,Spruce ex Benth.,Inga lallensis Spruce ex Benth.,Árbol,,
222,1825,64,2005-09-16 00:00:00,747981,33545,1401,BC,1,7,9,8415,15,a,7,71.9,20,29,8,Myristicaceae,Virola,aff. sebifera,Aubl.,Virola aff. sebifera Aubl.,Árbol,,
223,1826,64,2005-09-16 00:00:00,747981,33545,1401,BC,1,7,9,8416,12,a,8,56.75,15,28,5,Burseraceae,Dacryodes,cupularis,Cuatrec.,Dacryodes cupularis Cuatrec.,Árbol,Copal colorado,
224,1827,64,2005-09-16 00:00:00,747981,33545,1401,BC,1,7,9,8410,10,a,9,8.1,2.2,5,2,Rubiaceae,Faramea,sp.,,Faramea sp. ,Arbusto,Cafetillo,
225,1828,64,2005-09-16 00:00:00,747981,33545,1401,BC,1,7,9,8417,10,b,10,19,8,11,3,Clusiaceae,Garcinia,macrophylla,Mart.,Garcinia macrophylla Mart.,Árbol,Madroño,Latex amarillo
226,1829,64,2005-09-16 00:00:00,747981,33545,1401,BC,1,7,9,8418,10,a,11,6.75,6,8,1.5,Burseraceae,Protium,ecuadorense,Benoist,Protium ecuadorense Benoist,Arbolito,Copal colorado,
227,1830,64,2005-09-16 00:00:00,747981,33545,1401,BC,1,7,9,8419,10,a,12,34.25,8,20,5,Burseraceae,Dacryodes,cupularis,Cuatrec.,Dacryodes cupularis Cuatrec.,Árbol,Copal colorado,
228,1831,64,2005-09-16 00:00:00,747981,33545,1401,BC,1,7,9,8400,30,a,13,48.35,14,27,10,Burseraceae,Dacryodes,cupularis,Cuatrec.,Dacryodes cupularis Cuatrec.,Árbol,Copal blanco,Resina blanca fragante
229,1832,64,2005-09-16 00:00:00,747981,33545,1401,BC,1,7,9,8400,11,a,14,71.5,20,30,10,Burseraceae,Dacryodes,cupularis,Cuatrec.,Dacryodes cupularis Cuatrec.,Árbol,Copal blanco,Resina blanca fragante
230,1833,64,2005-09-16 00:00:00,747981,33545,1401,BC,1,7,9,8412,10,a,15,5,3,4,0.6,Rubiaceae,Palicourea,gibbosa,Dwyer,Palicourea gibbosa Dwyer,Arbolito,,
231,1834,64,2005-09-16 00:00:00,747981,33545,1401,BC,1,7,9,8420,10,a,16,8,6,6.5,0.5,Myrtaceae,Myrcia,cf. fallax,(Rich.) DC.,Myrcia cf. fallax (Rich.) DC.,Árbol,Chuagalo,
232,1835,64,2005-09-16 00:00:00,747981,33545,1401,BC,1,7,9,8400,10,a,17,67,20,28,9,Burseraceae,Dacryodes,cupularis,Cuatrec.,Dacryodes cupularis Cuatrec.,Árbol,Copal blanco,Resina blanca fragante
233,1836,64,2005-09-16 00:00:00,747981,33545,1401,BC,1,7,9,8421,10,a,18,12,8,10,2,Lauraceae,Nectandra,aff. guadaripo,Rohwer,Nectandra aff. guadaripo Rohwer,Árbol,Pacche canelo,
234,1837,64,2005-09-16 00:00:00,747981,33545,1401,BC,1,7,9,8417,10,a,19,18.75,9,15,3,Clusiaceae,Garcinia,macrophylla,Mart.,Garcinia macrophylla Mart.,Árbol,Madroño,Latex amarillo
235,1838,64,2005-09-16 00:00:00,747981,33545,1401,BC,1,7,9,8410,10,a,20,5.5,4,5,1.5,Rubiaceae,Faramea,sp.,,Faramea sp. ,Arbusto,Cafetillo,
236,1839,64,2005-09-16 00:00:00,747981,33545,1401,BC,1,7,9,8417,10,a,21,10.5,6,11,3,Clusiaceae,Garcinia,macrophylla,Mart.,Garcinia macrophylla Mart.,Árbol,Madroño,Latex amarillo
237,1840,64,2005-09-16 00:00:00,747981,33545,1401,BC,1,7,9,8400,10,b,22,61.5,15,28,6,Burseraceae,Dacryodes,cupularis,Cuatrec.,Dacryodes cupularis Cuatrec.,Árbol,Copal blanco,Resina blanca fragante
238,1841,64,2005-09-16 00:00:00,747981,33545,1401,BC,1,7,9,8422,20,b,23,42,10,22,10,Dichapetalaceae,Stephanopodium,angulatum,(Little) Prance,Stephanopodium angulatum (Little) Prance,Árbol,,
239,1842,64,2005-09-16 00:00:00,747981,33545,1401,BC,1,7,9,8402,10,b,24,33.5,14,25,5,Moraceae,Pseudolmedia,rigida,(Klotzsch & H. Karst.) Cuatrec.,Pseudolmedia rigida (Klotzsch & H. Karst.) Cuatrec.,Árbol,Jívaro,Latex crema
240,1843,64,2005-09-16 00:00:00,747981,33545,1401,BC,1,7,9,8423,25,b,25,54,15,25,12,Burseraceae,Dacryodes,cupularis,Cuatrec.,Dacryodes cupularis Cuatrec.,Árbol,Copal colorado,
241,1844,64,2005-09-16 00:00:00,747981,33545,1401,BC,1,7,9,8400,12,b,26,46.75,14,23,6,Burseraceae,Dacryodes,cupularis,Cuatrec.,Dacryodes cupularis Cuatrec.,Árbol,Copal blanco,Resina blanca fragante
242,1845,64,2005-09-16 00:00:00,747981,33545,1401,BC,1,7,9,8424,10,c,27,5.25,4,4.1,0.2,Moraceae,Clarisia,biflora,Ruiz & Pav.,Clarisia biflora Ruiz & Pav.,Árbol,Caracho,Abundante latex blanco
243,1846,64,2005-09-16 00:00:00,747981,33545,1401,BC,1,7,9,8425,10,c,28,6.1,1.7,7.5,2.5,Melastomataceae,Meriania,finicola,Wurdack,Meriania finicola Wurdack,Árbol,,Hoja grande. Foliolos jóvenes blanquecinos
244,1847,64,2005-09-16 00:00:00,747981,33545,1401,BC,1,7,9,8417,10,c,29,25.25,9,16,4,Clusiaceae,Garcinia,macrophylla,Mart.,Garcinia macrophylla Mart.,Árbol,Madroño,Latex amarillo
245,1848,64,2005-09-16 00:00:00,747981,33545,1401,BC,1,7,9,8426,10,c,30,5,4.5,5,0.6,Annonaceae,sp.,,,sp.  ,Arbusto,,
246,1849,64,2005-09-16 00:00:00,747981,33545,1401,BC,1,7,9,8400,12,c,31,73,15,28,8,Burseraceae,Dacryodes,cupularis,Cuatrec.,Dacryodes cupularis Cuatrec.,Árbol,Copal blanco,Resina blanca fragante
247,1850,64,2005-09-16 00:00:00,747981,33545,1401,BC,1,7,9,8427,10,c,32,16.5,11,16,3,Burseraceae,Dacryodes,cupularis,Cuatrec.,Dacryodes cupularis Cuatrec.,Árbol,Copal blanco,Resina blanca fragante
248,1851,64,2005-09-16 00:00:00,747981,33545,1401,BC,1,7,9,8428,10,c,33,6.800000000000001,4,5,4,Cyatheaceae,Alsophila,erinacea,(H. Karst.) D.S. Conant,Alsophila erinacea (H. Karst.) D.S. Conant,Árbol,Helecho arboreo,
249,1852,64,2005-09-16 00:00:00,747981,33545,1401,BC,1,7,9,8429,15,c,34,45.5,14.5,15,0,Lauraceae,Ocotea ,insularis,(Meisn.) Mez,Ocotea  insularis (Meisn.) Mez,Árbol,Pacche,Corteza interna rosada
250,1853,64,2005-09-16 00:00:00,747981,33545,1401,BC,1,7,9,8417,10,c,35,11,5,8,3.5,Clusiaceae,Garcinia,macrophylla,Mart.,Garcinia macrophylla Mart.,Árbol,Madroño,Latex amarillo
251,1854,64,2005-09-16 00:00:00,747981,33545,1401,BC,1,7,9,8419,10,c,36,5,4,6,1.5,Burseraceae,Dacryodes,cupularis,Cuatrec.,Dacryodes cupularis Cuatrec.,Arbolito,,
252,1855,64,2005-09-16 00:00:00,747981,33545,1401,BC,1,7,9,8411,10,c,37,6.75,1.5,6,1.5,Lecythidaceae,Eschweilera,rimbachii,Standl.,Eschweilera rimbachii Standl.,Árbol,,
253,1856,64,2005-09-16 00:00:00,747981,33545,1401,BC,1,7,9,8419,10,c,38,11.5,8,10,2,Burseraceae,Dacryodes,cupularis,Cuatrec.,Dacryodes cupularis Cuatrec.,Árbol,Copal colorado,
254,1857,64,2005-09-16 00:00:00,747981,33545,1401,BC,1,7,9,8410,10,c,39,6.25,2.3,6,2,Rubiaceae,Faramea,sp.,,Faramea sp. ,Arbusto,Cafetillo,
255,1858,64,2005-09-16 00:00:00,747981,33545,1401,BC,1,7,9,8430,10,c,40,33.5,13,19,6,Fab-Faboideae,sp.,,,sp.  ,Árbol,Cedrillo,
256,1859,64,2005-09-16 00:00:00,747981,33545,1401,BC,1,7,9,8431,10,c,41,6.25,4,7.5,2,Lecythidaceae,Eschweilera,caudiculata,R. Knuth,Eschweilera caudiculata R. Knuth,Árbol,,
257,1860,64,2005-09-16 00:00:00,747981,33545,1401,BC,1,7,9,8432,10,c,42,26.5,6,12,3.5,Lauraceae,Beilschmiedia,aff. costaricensis,(Mez & Pittier) C.K. Allen,Beilschmiedia aff. costaricensis (Mez & Pittier) C.K. Allen,Árbol,Rosa,
258,1861,64,2005-09-16 00:00:00,747981,33545,1401,BC,1,7,9,8432,10,d,43,13.5,4,8.5,2,Lauraceae,Beilschmiedia,aff. costaricensis,(Mez & Pittier) C.K. Allen,Beilschmiedia aff. costaricensis (Mez & Pittier) C.K. Allen,Árbol,Rosa,
259,1862,65,2005-09-16 00:00:00,747981,33545,1401,BC,1,7,9,8419,10,d,44,10.75,2.5,8,2,Burseraceae,Dacryodes,cupularis,Cuatrec.,Dacryodes cupularis Cuatrec.,Arbolito,Copal colorado,
260,1863,65,2005-09-16 00:00:00,747981,33545,1401,BC,1,7,9,8427,10,d,45,8.25,6,10,2,Burseraceae,Dacryodes,cupularis,Cuatrec.,Dacryodes cupularis Cuatrec.,Árbol,Copal blanco,Resina blanca fragante
261,1864,65,2005-09-16 00:00:00,747981,33545,1401,BC,1,7,9,8427,14,d,46,61.5,17,25,4,Burseraceae,Dacryodes,cupularis,Cuatrec.,Dacryodes cupularis Cuatrec.,Árbol,Copal blanco,Resina blanca fragante
262,1865,65,2005-09-16 00:00:00,747981,33545,1401,BC,1,7,9,8427,11,d,47,60,13,27,8,Burseraceae,Dacryodes,cupularis,Cuatrec.,Dacryodes cupularis Cuatrec.,Árbol,Copal blanco,Resina blanca fragante
263,1866,65,2005-09-16 00:00:00,747981,33545,1401,BC,1,7,9,8433,15,d,48,51,17,30,10,Sapotaceae,Pouteria,torta,(Mart.) Radlk.,Pouteria torta (Mart.) Radlk.,Árbol,,
264,1867,65,2005-09-16 00:00:00,747981,33545,1401,BC,1,7,9,8427,13,d,49,53.5,12,22,8,Burseraceae,Dacryodes,cupularis,Cuatrec.,Dacryodes cupularis Cuatrec.,Árbol,Copal blanco,Resina blanca fragante
265,1947,69,2005-09-20 00:00:00,746328,32272,1642,BC,3,8,3,6732,15,a,1,10,0.8,7,4,Melastomataceae,Conostegia,aff. centronioides,Markgr.,Conostegia aff. centronioides Markgr.,Arbolito,,Hoja grande. Foliolos jóvenes café
266,1948,69,2005-09-20 00:00:00,746328,32272,1642,BC,3,8,3,6733,10,a,2,6.5,5,8,2,Moraceae,Pseudolmedia,rigida,(Klotzsch & H. Karst.) Cuatrec.,Pseudolmedia rigida (Klotzsch & H. Karst.) Cuatrec.,Árbol,,Latex blanco
267,1949,69,2005-09-20 00:00:00,746328,32272,1642,BC,3,8,3,6734,10,a,3,26,15,23,8,Rubiaceae,Elaeagia,utilis,(Goudot) Wedd.,Elaeagia utilis (Goudot) Wedd.,Árbol,,
268,1950,69,2005-09-20 00:00:00,746328,32272,1642,BC,3,8,3,6735,10,a,4,10.75,2.5,7,1,Lecythidaceae,Eschweilera,rimbachii,Standl.,Eschweilera rimbachii Standl.,Árbol,,
269,1951,69,2005-09-20 00:00:00,746328,32272,1642,BC,3,8,3,6713,10,a,5,14.25,5,7,5,Arecaceae,Wettinia,aff. oxycarpa,Galeano & R. Bernal,Wettinia aff. oxycarpa Galeano & R. Bernal,Árbol,Sancona,
270,1952,69,2005-09-20 00:00:00,746328,32272,1642,BC,3,8,3,6707,10,a,6,8.75,4,4.5,2.5,Cyatheaceae,Alsophila,erinacea,(H. Karst.) D.S. Conant,Alsophila erinacea (H. Karst.) D.S. Conant,Árbol,Helecho arboreo,
271,1953,69,2005-09-20 00:00:00,746328,32272,1642,BC,3,8,3,6736,11,a,7,43,14,25,8,Myristicaceae,Otoba,gordoniifolia,(A. DC.) A.H. Gentry,Otoba gordoniifolia (A. DC.) A.H. Gentry,Árbol,Sangre de gallina,
272,1954,69,2005-09-20 00:00:00,746328,32272,1642,BC,3,8,3,6737,20,a,8,62,15,25,12,Cecropiaceae,Cecropia,andina,Cuatrec.,Cecropia andina Cuatrec.,Árbol,,
273,1955,69,2005-09-20 00:00:00,746328,32272,1642,BC,3,8,3,6738,10,b,9,58.5,14,23,8,Lauraceae,Persea,aff. areolatocostae,(C.K. Allen) van der Werff,Persea aff. areolatocostae (C.K. Allen) van der Werff,Árbol,,
274,1956,69,2005-09-20 00:00:00,746328,32272,1642,BC,3,8,3,6713,10,b,10,13,6,7.5,5,Arecaceae,Wettinia,aff. oxycarpa,Galeano & R. Bernal,Wettinia aff. oxycarpa Galeano & R. Bernal,Árbol,Sancona,
275,1957,69,2005-09-20 00:00:00,746328,32272,1642,BC,3,8,3,6713,10,b,11,14.05,6,7.5,5,Arecaceae,Wettinia,aff. oxycarpa,Galeano & R. Bernal,Wettinia aff. oxycarpa Galeano & R. Bernal,Árbol,Sancona,
276,1958,69,2005-09-20 00:00:00,746328,32272,1642,BC,3,8,3,6734,11,b,12,41,18,26,10,Rubiaceae,Elaeagia,utilis,(Goudot) Wedd.,Elaeagia utilis (Goudot) Wedd.,Árbol,,
277,1959,69,2005-09-20 00:00:00,746328,32272,1642,BC,3,8,3,6713,10,b,13,14,8,11,5,Arecaceae,Wettinia,aff. oxycarpa,Galeano & R. Bernal,Wettinia aff. oxycarpa Galeano & R. Bernal,Árbol,Sancona,
278,1960,69,2005-09-20 00:00:00,746328,32272,1642,BC,3,8,3,6739,10,b,14,9,3,6,3,Violaceae,Gloeospermum,longifolium,Hekking,Gloeospermum longifolium Hekking,Arbolito,,
279,1961,69,2005-09-20 00:00:00,746328,32272,1642,BC,3,8,3,6740,10,b,15,24,20,22,2,Myrsinaceae,Stylogyne,ambigua,(C. Mart.) Mez,Stylogyne ambigua (C. Mart.) Mez,Arbolito,,
280,1962,69,2005-09-20 00:00:00,746328,32272,1642,BC,3,8,3,6741,10,b,16,22,7,15,8,Fab-Mimosoideae,Inga,aff. lallensis,Spruce ex Benth.,Inga aff. lallensis Spruce ex Benth.,Árbol,,
281,1963,69,2005-09-20 00:00:00,746328,32272,1642,BC,3,8,3,6742,10,b,17,42,13,22,10,Annonaceae,Guatteria,megalophylla,Diels,Guatteria megalophylla Diels,Árbol,,
282,1964,69,2005-09-20 00:00:00,746328,32272,1642,BC,3,8,3,6743,20,b,18,46,15,20,0,Fab-Mimosoideae,Inga,punctata,Willd.,Inga punctata Willd.,Árbol,,
283,1965,69,2005-09-20 00:00:00,746328,32272,1642,BC,3,8,3,6736,25,b,19,59.5,17,22,9,Myristicaceae,Otoba,gordoniifolia,(A. DC.) A.H. Gentry,Otoba gordoniifolia (A. DC.) A.H. Gentry,Árbol,Sangre de gallina,
284,1966,69,2005-09-20 00:00:00,746328,32272,1642,BC,3,8,3,6744,10,b,20,11,1.5,7,3,Rubiaceae,Palicourea,acanthacea,Standl. ex C.M. Taylor,Palicourea acanthacea Standl. ex C.M. Taylor,Arbusto,,
285,1967,69,2005-09-20 00:00:00,746328,32272,1642,BC,3,8,3,6745,10,c,21,19.5,7,13,4,Moraceae,Ficus,cf. caldasiana,Dugand,Ficus cf. caldasiana Dugand,Hemiepífita,,Latex blanco
286,1968,69,2005-09-20 00:00:00,746328,32272,1642,BC,3,8,3,6732,10,c,22,11,3,7,4,Melastomataceae,Conostegia,aff. centronioides,Markgr.,Conostegia aff. centronioides Markgr.,Arbolito,,
287,1969,69,2005-09-20 00:00:00,746328,32272,1642,BC,3,8,3,6746,10,c,23,17,15,20,4,Flacourtiaceae,Banara,riparia,Sleumer,Banara riparia Sleumer,Árbol,,Corteza lenticelada
288,1970,69,2005-09-20 00:00:00,746328,32272,1642,BC,3,8,3,6735,10,c,24,8,4.5,6,3,Lecythidaceae,Eschweilera,rimbachii,Standl.,Eschweilera rimbachii Standl.,Árbol,,
289,1971,69,2005-09-20 00:00:00,746328,32272,1642,BC,3,8,3,6736,15,c,25,10,4.5,6,2.5,Myristicaceae,Otoba,gordoniifolia,(A. DC.) A.H. Gentry,Otoba gordoniifolia (A. DC.) A.H. Gentry,Árbol,Sangre de gallina,
290,1972,69,2005-09-20 00:00:00,746328,32272,1642,BC,3,8,3,6713,10,c,26,13.25,13,15,7,Arecaceae,Wettinia,aff. oxycarpa,Galeano & R. Bernal,Wettinia aff. oxycarpa Galeano & R. Bernal,Árbol,Sancona,
291,1973,69,2005-09-20 00:00:00,746328,32272,1642,BC,3,8,3,6747,10,c,27,15.5,5,9,3,Flacourtiaceae,Casearia,cajambrensis,Cuatrec.,Casearia cajambrensis Cuatrec.,Arbolito,,Corteza lenticelada
292,1974,69,2005-09-20 00:00:00,746328,32272,1642,BC,3,8,3,6748,10,c,28,6.75,0,5,0,Lecythidaceae,Eschweilera,rimbachii,Standl.,Eschweilera rimbachii Standl.,Árbol,,
293,1975,69,2005-09-20 00:00:00,746328,32272,1642,BC,3,8,3,6749,10,c,29,6,5,6.5,1.5,Lauraceae,Beilschmiedia,alloiophylla,(Rusby) Kosterm.,Beilschmiedia alloiophylla (Rusby) Kosterm.,Árbol,Aguacate blanco,
294,1976,69,2005-09-20 00:00:00,746328,32272,1642,BC,3,8,3,6713,10,c,30,20,14,18,7,Arecaceae,Wettinia,aff. oxycarpa,Galeano & R. Bernal,Wettinia aff. oxycarpa Galeano & R. Bernal,Árbol,Sancona,
295,1977,69,2005-09-20 00:00:00,746328,32272,1642,BC,3,8,3,6750,10,c,31,25,8,17,8,Indeterminado,sp. 19,,,sp. 19  ,Arbolito,,
296,1978,69,2005-09-20 00:00:00,746328,32272,1642,BC,3,8,3,6751,10,c,32,12.5,7,10,4,Melastomataceae,Conostegia,aff. centronioides,Markgr.,Conostegia aff. centronioides Markgr.,Arbolito,,
297,1979,69,2005-09-20 00:00:00,746328,32272,1642,BC,3,8,3,6752,13,c,33,72.5,6,18,8,Lauraceae,Endlicheria,formosa,A.C. Sm.,Endlicheria formosa A.C. Sm.,Árbol,,
298,1980,69,2005-09-20 00:00:00,746328,32272,1642,BC,3,8,3,6753,30,c,34,51,18,28,10,Lauraceae,Aniba,aff. hostmanniana,(Nees) Mez,Aniba aff. hostmanniana (Nees) Mez,Árbol,Alpa,
299,1981,69,2005-09-20 00:00:00,746328,32272,1642,BC,3,8,3,6754,30,c,35,41,5,28,9,Chloranthaceae,Hedyosmum,cuatrecazanum,Occhioni,Hedyosmum cuatrecazanum Occhioni,Árbol,Tarqui,
300,1982,69,2005-09-20 00:00:00,746328,32272,1642,BC,3,8,3,6755,10,d,36,9.7,1.5,5,6,Cyatheaceae,Alsophila,erinacea,(H. Karst.) D.S. Conant,Alsophila erinacea (H. Karst.) D.S. Conant,Árbol,Helecho arboreo,Espinoso
301,1983,69,2005-09-20 00:00:00,746328,32272,1642,BC,3,8,3,6756,10,d,37,31,17,24,4,Lauraceae,Persea,povedae,W.C. Burger,Persea povedae W.C. Burger,Árbol,Rosa,
302,1984,69,2005-09-20 00:00:00,746328,32272,1642,BC,3,8,3,6757,20,d,38,59.5,14,25,14,Moraceae,Ficus,subandina,Dugand,Ficus subandina Dugand,Hemiepífita,,
303,1985,69,2005-09-20 00:00:00,746328,32272,1642,BC,3,8,3,6758,10,d,39,14.25,4.5,6,6,Dicksoniaceae,Dicksonia,sellowiana,Hook.,Dicksonia sellowiana Hook.,Árbol,Helecho arboreo,Zoros redondos
304,1986,69,2005-09-20 00:00:00,746328,32272,1642,BC,3,8,3,6759,12,d,40,40,12,24,12,Lauraceae,Persea,pseudofasciculata,Kopp,Persea pseudofasciculata Kopp,Árbol,Aguacatillo,Más común. Hoja enves blanco
305,1987,69,2005-09-20 00:00:00,746328,32272,1642,BC,3,8,3,6760,25,d,41,44.5,12,22,10,Chloranthaceae,Hedyosmum,cuatrecazanum,Occhioni,Hedyosmum cuatrecazanum Occhioni,Árbol,Tarqui,
306,2131,75,2005-09-22 00:00:00,746271,32984,1519,BC,3,8,6,6853,10,a,1,57,1.5,22,8,Melastomataceae,Miconia,dapsiliflora,Wurdack,Miconia dapsiliflora Wurdack,Arbusto,Pacche canelo,
307,2132,75,2005-09-22 00:00:00,746271,32984,1519,BC,3,8,6,6854,10,a,2,36,14,25,8,Moraceae,Pseudolmedia,rigida,(Klotzsch & H. Karst.) Cuatrec.,Pseudolmedia rigida (Klotzsch & H. Karst.) Cuatrec.,Árbol,Jívaro,Latex crema
308,2133,75,2005-09-22 00:00:00,746271,32984,1519,BC,3,8,6,6855,10,a,3,28.5,11,20,5,Lauraceae,sp. 2,,,sp. 2  ,Árbol,Alpa,
309,2134,75,2005-09-22 00:00:00,746271,32984,1519,BC,3,8,6,6799,10,a,4,25.25,4,14,5,Clusiaceae,Garcinia,macrophylla,Mart.,Garcinia macrophylla Mart.,Árbol,Madroño,Latex amarillo
310,2135,75,2005-09-22 00:00:00,746271,32984,1519,BC,3,8,6,6856,10,a,5,18.75,11,15,4,Burseraceae,Protium,ecuadorense,Benoist,Protium ecuadorense Benoist,Árbol,Copal colorado,
311,2136,75,2005-09-22 00:00:00,746271,32984,1519,BC,3,8,6,6857,10,a,6,6.5,3,7,2,Chloranthaceae,Hedyosmum,cuatrecazanum,Occhioni,Hedyosmum cuatrecazanum Occhioni,Árbol,Tarqui,
312,2137,75,2005-09-22 00:00:00,746271,32984,1519,BC,3,8,6,6858,10,a,7,6.75,6,7.5,2.5,Melastomataceae,Meriania,finicola,Wurdack,Meriania finicola Wurdack,Árbol,,"Hoja grade, foliolos jóvenes blanquecinos"
313,2138,75,2005-09-22 00:00:00,746271,32984,1519,BC,3,8,6,8654,20,a,8,44.5,12,25,10,Moraceae,Pseudolmedia,rigida,(Klotzsch & H. Karst.) Cuatrec.,Pseudolmedia rigida (Klotzsch & H. Karst.) Cuatrec.,Árbol,Jívaro,Latex crema obscuro
314,2139,75,2005-09-22 00:00:00,746271,32984,1519,BC,3,8,6,6859,20,a,9,49,12,26,10,Lauraceae,Nectandra,obtusata,Rohwer,Nectandra obtusata Rohwer,Árbol,Pacche,
315,2140,75,2005-09-22 00:00:00,746271,32984,1519,BC,3,8,6,6860,30,a,10,75,6,18,12,Fab-Faboideae,Erythrina ,schimpffii,Diels,Erythrina  schimpffii Diels,Árbol,,
316,2141,75,2005-09-22 00:00:00,746271,32984,1519,BC,3,8,6,6861,15,b,11,46.5,12,20,7,Lauraceae,Nectandra,guadaripo,Rohwer,Nectandra guadaripo Rohwer,Árbol,Pacche canelo,
317,2142,75,2005-09-22 00:00:00,746271,32984,1519,BC,3,8,6,6764,30,b,12,65.5,12,26,12,Burseraceae,Dacryodes,cupularis,Cuatrec.,Dacryodes cupularis Cuatrec.,Árbol,Copal blanco,Resina blanca fragante
318,2143,75,2005-09-22 00:00:00,746271,32984,1519,BC,3,8,6,6862,10,b,13,8.5,5,9,1,Lecythidaceae,Eschweilera,integrifolia,(Ruiz & Pav. ex Miers) R. Knuth,Eschweilera integrifolia (Ruiz & Pav. ex Miers) R. Knuth,Árbol,,
319,2144,75,2005-09-22 00:00:00,746271,32984,1519,BC,3,8,6,6863,10,b,14,19.5,4.5,10,6,Capparaceae,Capparis,sp.,,Capparis sp. ,Árbol,,
320,2145,75,2005-09-22 00:00:00,746271,32984,1519,BC,3,8,6,6864,10,b,15,9.5,1.5,16,3,Lauraceae,Ocotea ,insularis,(Meisn.) Mez,Ocotea  insularis (Meisn.) Mez,Árbol,Pacche,
321,2146,75,2005-09-22 00:00:00,746271,32984,1519,BC,3,8,6,6865,10,b,16,5,4,5,2.5,Moraceae,Ficus,subandina,Dugand,Ficus subandina Dugand,Hemiepífita,,
322,2147,75,2005-09-22 00:00:00,746271,32984,1519,BC,3,8,6,6866,10,b,17,10.5,9,17,3,Moraceae,Helicostylis,tovarensis,(Klotzsch & H. Karst.) C.C. Berg,Helicostylis tovarensis (Klotzsch & H. Karst.) C.C. Berg,Árbol,,Latex crema
323,2148,75,2005-09-22 00:00:00,746271,32984,1519,BC,3,8,6,6867,10,b,18,6,3,4.5,0,Fab-Faboideae,Erythrina ,sp.,,Erythrina  sp. ,Árbol,Porotón,
324,2149,75,2005-09-22 00:00:00,746271,32984,1519,BC,3,8,6,6764,10,b,19,43,14,23,10,Burseraceae,Dacryodes,cupularis,Cuatrec.,Dacryodes cupularis Cuatrec.,Árbol,Copal blanco,Resina blanca fragante
325,2150,75,2005-09-22 00:00:00,746271,32984,1519,BC,3,8,6,6855,18,b,20,51,18,26,14,Lauraceae,sp. 2,,,sp. 2  ,Árbol,Alpa,
326,2151,75,2005-09-22 00:00:00,746271,32984,1519,BC,3,8,6,6764,30,c,21,57.5,20,28,12,Burseraceae,Dacryodes,cupularis,Cuatrec.,Dacryodes cupularis Cuatrec.,Árbol,Copal blanco,Resina blanca fragante
327,2152,75,2005-09-22 00:00:00,746271,32984,1519,BC,3,8,6,6868,28,c,22,46.5,18,26,10,Cecropiaceae,Coussapoa,contorta,Cuatrec.,Coussapoa contorta Cuatrec.,Árbol,,
328,2153,75,2005-09-22 00:00:00,746271,32984,1519,BC,3,8,6,6869,15,c,23,10,5,8,3,Fab-Mimosoideae,Abarema,sp.,,Abarema sp. ,Árbol,,
329,2154,75,2005-09-22 00:00:00,746271,32984,1519,BC,3,8,6,6870,10,c,24,49,3.5,25,12,Lauraceae,Beilschmiedia,alloiophylla,(Rusby) Kosterm.,Beilschmiedia alloiophylla (Rusby) Kosterm.,Árbol,Aguacate blanco,
330,2155,75,2005-09-22 00:00:00,746271,32984,1519,BC,3,8,6,6764,10,c,25,9,5,9,4,Burseraceae,Dacryodes,cupularis,Cuatrec.,Dacryodes cupularis Cuatrec.,Árbol,Copal blanco,Resina blanca fragante
331,2156,75,2005-09-22 00:00:00,746271,32984,1519,BC,3,8,6,6871,10,c,26,12.5,14,15,6,Lauraceae,Ocotea ,aff. oblonga,(Meisn.) Mez,Ocotea  aff. oblonga (Meisn.) Mez,Árbol,Yalte,
332,2157,75,2005-09-22 00:00:00,746271,32984,1519,BC,3,8,6,6872,10,c,27,8.25,10,11,3,Lauraceae,Beilschmiedia,alloiophylla,(Rusby) Kosterm.,Beilschmiedia alloiophylla (Rusby) Kosterm.,Árbol,Aguacate blanco,
333,2158,75,2005-09-22 00:00:00,746271,32984,1519,BC,3,8,6,6867,10,c,28,8.75,1,4.5,0,Fab-Faboideae,Erythrina ,sp.,,Erythrina  sp. ,Árbol,Porotón,
334,2159,75,2005-09-22 00:00:00,746271,32984,1519,BC,3,8,6,6873,11,c,29,56,12,23,13,Burseraceae,Protium,ecuadorense,Benoist,Protium ecuadorense Benoist,Árbol,Copal colorado,
335,2160,75,2005-09-22 00:00:00,746271,32984,1519,BC,3,8,6,6871,30,c,30,41,15,25,0,Lauraceae,Ocotea ,aff. oblonga,(Meisn.) Mez,Ocotea  aff. oblonga (Meisn.) Mez,Árbol,Yalte,
336,2161,75,2005-09-22 00:00:00,746271,32984,1519,BC,3,8,6,6871,11,c,31,42.5,18,24,5,Lauraceae,Ocotea ,aff. oblonga,(Meisn.) Mez,Ocotea  aff. oblonga (Meisn.) Mez,Árbol,Yalte,
337,2162,75,2005-09-22 00:00:00,746271,32984,1519,BC,3,8,6,6874,15,d,32,10,7,9,2,Lauraceae,Beilschmiedia,alloiophylla,(Rusby) Kosterm.,Beilschmiedia alloiophylla (Rusby) Kosterm.,Árbol,Aguacate blanco,
338,2163,75,2005-09-22 00:00:00,746271,32984,1519,BC,3,8,6,6875,10,d,33,11.25,8,9,3,Cyatheaceae,Alsophila,erinacea,(H. Karst.) D.S. Conant,Alsophila erinacea (H. Karst.) D.S. Conant,Árbol,Helecho arboreo,
339,2164,75,2005-09-22 00:00:00,746271,32984,1519,BC,3,8,6,6876,30,c,34,46,12,25,9,Lecythidaceae,Gustavia,dodsonii,S.A. Mori,Gustavia dodsonii S.A. Mori,Árbol,,
340,2165,75,2005-09-22 00:00:00,746271,32984,1519,BC,3,8,6,6877,10,d,35,8,3.5,5,0,Ericaceae,Psammisia,sodiroi,Hoerold,Psammisia sodiroi Hoerold,Arbusto,,
341,2166,75,2005-09-22 00:00:00,746271,32984,1519,BC,3,8,6,6878,30,d,36,48,9,20,10,Lauraceae,Ocotea ,insularis,(Meisn.) Mez,Ocotea  insularis (Meisn.) Mez,Árbol,Pacche negro,
342,2167,75,2005-09-22 00:00:00,746271,32984,1519,BC,3,8,6,6879,20,d,37,62.5,11,26,11,Euphorbiaceae,Hieronyma,asperifolia,Pax & K. Hoffm.,Hieronyma asperifolia Pax & K. Hoffm.,Árbol,Motilón,
343,2168,75,2005-09-22 00:00:00,746271,32984,1519,BC,3,8,6,6861,25,d,38,39.5,15,25,6,Myristicaceae,Otoba,gordoniifolia,(A. DC.) A.H. Gentry,Otoba gordoniifolia (A. DC.) A.H. Gentry,Árbol,Sangre de gallina,
344,2169,75,2005-09-22 00:00:00,746271,32984,1519,BC,3,8,6,6764,30,d,39,44,14,25,7,Burseraceae,Dacryodes,cupularis,Cuatrec.,Dacryodes cupularis Cuatrec.,Árbol,Copal blanco,Resina blanca fragante
345,2170,76,2005-09-22 00:00:00,746436,32990,1484,BC,3,8,9,6880,10,a,1,9.5,3,6,3,Melastomataceae,sp.3,,,sp.3  ,Arbolito,,
346,2171,76,2005-09-22 00:00:00,746436,32990,1484,BC,3,8,9,6881,10,a,2,6.25,5,8,1.5,Myrsinaceae,Weigeltia,cf. goudotiana,Mez,Weigeltia cf. goudotiana Mez,Árbol,,
347,2172,76,2005-09-22 00:00:00,746436,32990,1484,BC,3,8,9,6882,10,a,3,15,6,11,3.5,Myristicaceae,Otoba,gordoniifolia,(A. DC.) A.H. Gentry,Otoba gordoniifolia (A. DC.) A.H. Gentry,Árbol,Sangre de gallina,
348,2173,76,2005-09-22 00:00:00,746436,32990,1484,BC,3,8,9,6883,10,a,4,17.5,8,13,4.5,Meliaceae,sp.2,,,sp.2  ,Árbol,,
349,2174,76,2005-09-22 00:00:00,746436,32990,1484,BC,3,8,9,6884,10,a,5,11,17,17.5,1,Moraceae,Helicostylis,tovarensis,(Klotzsch & H. Karst.) C.C. Berg,Helicostylis tovarensis (Klotzsch & H. Karst.) C.C. Berg,Árbol,,Latex crema
350,2175,76,2005-09-22 00:00:00,746436,32990,1484,BC,3,8,9,6885,10,a,6,25.75,8,17,4.5,Burseraceae,Dacryodes,cupularis,Cuatrec.,Dacryodes cupularis Cuatrec.,Árbol,Copal blanco,Resina blanca fragante
351,2176,76,2005-09-22 00:00:00,746436,32990,1484,BC,3,8,9,6886,10,a,7,12.5,6,10,4,Lauraceae,sp. 4,,,sp. 4  ,Árbol,,
352,2177,76,2005-09-22 00:00:00,746436,32990,1484,BC,3,8,9,6887,10,a,8,8.75,3,3.5,4,Cyatheaceae,Alsophila,erinacea,(H. Karst.) D.S. Conant,Alsophila erinacea (H. Karst.) D.S. Conant,Árbol,Helecho arboreo,
353,2178,76,2005-09-22 00:00:00,746436,32990,1484,BC,3,8,9,6888,10,a,9,7.5,12,13.5,2.5,Arecaceae,Hyospathe,elegans,Mart.,Hyospathe elegans Mart.,Arbusto,,
354,2179,76,2005-09-22 00:00:00,746436,32990,1484,BC,3,8,9,6889,10,a,10,9,5,9,3,Clusiaceae,Garcinia,macrophylla,Mart.,Garcinia macrophylla Mart.,Árbol,,Latex amarillo
355,2180,76,2005-09-22 00:00:00,746436,32990,1484,BC,3,8,9,6882,10,a,11,38.5,19,24,8,Myristicaceae,Otoba,gordoniifolia,(A. DC.) A.H. Gentry,Otoba gordoniifolia (A. DC.) A.H. Gentry,Árbol,Sangre de gallina,
356,2181,76,2005-09-22 00:00:00,746436,32990,1484,BC,3,8,9,6764,16,a,12,50.5,16,27,11,Burseraceae,Dacryodes,cupularis,Cuatrec.,Dacryodes cupularis Cuatrec.,Árbol,Copal blanco,Resina blanca fragante
357,2182,76,2005-09-22 00:00:00,746436,32990,1484,BC,3,8,9,6764,14,a,13,53,10,28,12,Burseraceae,Dacryodes,cupularis,Cuatrec.,Dacryodes cupularis Cuatrec.,Árbol,Copal blanco,Resina blanca fragante
358,2183,76,2005-09-22 00:00:00,746436,32990,1484,BC,3,8,9,6882,20,a,14,41.5,14,24,10,Myristicaceae,Otoba,gordoniifolia,(A. DC.) A.H. Gentry,Otoba gordoniifolia (A. DC.) A.H. Gentry,Árbol,Sangre de gallina,
359,2184,76,2005-09-22 00:00:00,746436,32990,1484,BC,3,8,9,6764,20,a,15,67.5,13,30,11,Burseraceae,Dacryodes,cupularis,Cuatrec.,Dacryodes cupularis Cuatrec.,Árbol,Copal blanco,Resina blanca fragante
360,2185,76,2005-09-22 00:00:00,746436,32990,1484,BC,3,8,9,6890,30,a,16,52.5,18,30,12,Anacardiaceae,Tapirira,guianensis,Aubl.,Tapirira guianensis Aubl.,Árbol,Cedrillo,
361,2186,76,2005-09-22 00:00:00,746436,32990,1484,BC,3,8,9,6891,10,b,17,6.5,2.5,6,2,Rubiaceae,Faramea,oblongifolia,Standl.,Faramea oblongifolia Standl.,Arbusto,,
362,2187,76,2005-09-22 00:00:00,746436,32990,1484,BC,3,8,9,6892,10,b,18,11.25,8,9,3,Lauraceae,Pleurothyrium,cinereum,van der Werff,Pleurothyrium cinereum van der Werff,Árbol,,
363,2188,76,2005-09-22 00:00:00,746436,32990,1484,BC,3,8,9,6893,10,b,19,5.75,5,7,3,Myrtaceae,Myrcia,aff. fallax,(Rich.) DC.,Myrcia aff. fallax (Rich.) DC.,Árbol,Chuagalo,
364,2189,76,2005-09-22 00:00:00,746436,32990,1484,BC,3,8,9,6894,10,b,20,5,4.5,6,3.5,Rubiaceae,Faramea,oblongifolia,Standl.,Faramea oblongifolia Standl.,Arbusto,,
365,2190,76,2005-09-22 00:00:00,746436,32990,1484,BC,3,8,9,6895,10,b,21,42.5,8,16,11,Moraceae,Ficus,cuatrecasana,Dugand,Ficus cuatrecasana Dugand,Hemiepífita,,Latex crema
366,2191,76,2005-09-22 00:00:00,746436,32990,1484,BC,3,8,9,6896,10,b,22,45.5,15,24,12,Moraceae,Pseudolmedia,rigida,(Klotzsch & H. Karst.) Cuatrec.,Pseudolmedia rigida (Klotzsch & H. Karst.) Cuatrec.,Árbol,Jívaro,Latex crema obscuro
367,2192,76,2005-09-22 00:00:00,746436,32990,1484,BC,3,8,9,6853,20,b,23,50,18,28,10,Melastomataceae,Miconia,dapsiliflora,Wurdack,Miconia dapsiliflora Wurdack,Arbusto,Pacche canelo,
368,2193,76,2005-09-22 00:00:00,746436,32990,1484,BC,3,8,9,6896,23,b,24,41,14,28,10,Moraceae,Pseudolmedia,rigida,(Klotzsch & H. Karst.) Cuatrec.,Pseudolmedia rigida (Klotzsch & H. Karst.) Cuatrec.,Árbol,Jívaro,Latex crema obscuro
369,2194,76,2005-09-22 00:00:00,746436,32990,1484,BC,3,8,9,6897,30,b,25,52.5,14,24,8,Cecropiaceae,Coussapoa,contorta,Cuatrec.,Coussapoa contorta Cuatrec.,Árbol,,
370,2195,76,2005-09-22 00:00:00,746436,32990,1484,BC,3,8,9,6871,27,b,26,39.5,20,30,8,Lauraceae,Ocotea ,aff. oblonga,(Meisn.) Mez,Ocotea  aff. oblonga (Meisn.) Mez,Árbol,Yalte,
371,2196,76,2005-09-22 00:00:00,746436,32990,1484,BC,3,8,9,6896,30,b,27,43,15,30,10,Moraceae,Pseudolmedia,rigida,(Klotzsch & H. Karst.) Cuatrec.,Pseudolmedia rigida (Klotzsch & H. Karst.) Cuatrec.,Árbol,Jívaro,Latex crema obscuro
372,2197,76,2005-09-22 00:00:00,746436,32990,1484,BC,3,8,9,6896,30,b,28,41,12,30,9,Moraceae,Pseudolmedia,rigida,(Klotzsch & H. Karst.) Cuatrec.,Pseudolmedia rigida (Klotzsch & H. Karst.) Cuatrec.,Árbol,Jívaro,Latex crema obscuro
373,2198,76,2005-09-22 00:00:00,746436,32990,1484,BC,3,8,9,6882,20,b,29,38,22,30,3,Myristicaceae,Otoba,gordoniifolia,(A. DC.) A.H. Gentry,Otoba gordoniifolia (A. DC.) A.H. Gentry,Árbol,Sangre de gallina,
374,2199,76,2005-09-22 00:00:00,746436,32990,1484,BC,3,8,9,6882,18,c,30,50,15,23,10,Myristicaceae,Otoba,gordoniifolia,(A. DC.) A.H. Gentry,Otoba gordoniifolia (A. DC.) A.H. Gentry,Árbol,Sangre de gallina,
375,2200,76,2005-09-22 00:00:00,746436,32990,1484,BC,3,8,9,6879,23,c,31,53,17,30,11,Euphorbiaceae,Hieronyma,asperifolia,Pax & K. Hoffm.,Hieronyma asperifolia Pax & K. Hoffm.,Árbol,Motilón,
376,2201,76,2005-09-22 00:00:00,746436,32990,1484,BC,3,8,9,6898,30,c,32,52,11,24,16,Lauraceae,Aniba,aff. hostmanniana,(Nees) Mez,Aniba aff. hostmanniana (Nees) Mez,Árbol,Rosa,
377,2202,76,2005-09-22 00:00:00,746436,32990,1484,BC,3,8,9,6899,10,c,33,6.35,2,2.5,0.5,Rubiaceae,Psychotria,paeonia,C.M. Taylor,Psychotria paeonia C.M. Taylor,Arbusto,,
378,2203,76,2005-09-22 00:00:00,746436,32990,1484,BC,3,8,9,6900,10,c,34,8.5,4.5,10,3,Rubiaceae,Psychotria,paeonia,C.M. Taylor,Psychotria paeonia C.M. Taylor,Arbolito,,
379,2204,76,2005-09-22 00:00:00,746436,32990,1484,BC,3,8,9,6891,10,c,35,6,2.5,5,3,Rubiaceae,Faramea,fragans,Standl.,Faramea fragans Standl.,Arbusto,,
380,2205,76,2005-09-22 00:00:00,746436,32990,1484,BC,3,8,9,6901,10,c,36,6.75,5,8,2,Myrsinaceae,Weigeltia,cf. goudotiana,Mez,Weigeltia cf. goudotiana Mez,Árbol,,
381,2206,76,2005-09-22 00:00:00,746436,32990,1484,BC,3,8,9,6896,10,c,37,51,15,27,13,Moraceae,Pseudolmedia,rigida,(Klotzsch & H. Karst.) Cuatrec.,Pseudolmedia rigida (Klotzsch & H. Karst.) Cuatrec.,Árbol,Jívaro,Latex crema obscuro
382,2207,76,2005-09-22 00:00:00,746436,32990,1484,BC,3,8,9,6902,10,c,38,15.25,14,16,3,Lauraceae,Ocotea ,macrophylla,Kunth,Ocotea  macrophylla Kunth,Árbol,Aguacatillo,
383,2208,76,2005-09-22 00:00:00,746436,32990,1484,BC,3,8,9,6896,25,c,39,45.5,17,25,8,Moraceae,Pseudolmedia,rigida,(Klotzsch & H. Karst.) Cuatrec.,Pseudolmedia rigida (Klotzsch & H. Karst.) Cuatrec.,Árbol,Jívaro,Latex crema obscuro
384,2209,76,2005-09-22 00:00:00,746436,32990,1484,BC,3,8,9,6764,25,c,40,49,12,20,8,Burseraceae,Dacryodes,cupularis,Cuatrec.,Dacryodes cupularis Cuatrec.,Árbol,Copal blanco,Resina blanca fragante
385,2210,76,2005-09-22 00:00:00,746436,32990,1484,BC,3,8,9,6764,23,c,41,50.5,6,20,9,Burseraceae,Dacryodes,cupularis,Cuatrec.,Dacryodes cupularis Cuatrec.,Árbol,Copal blanco,Resina blanca fragante
386,2211,76,2005-09-22 00:00:00,746436,32990,1484,BC,3,8,9,6903,30,c,42,40.5,15,25,7,Myrtaceae,Myrcia,cf. fallax,(Rich.) DC.,Myrcia cf. fallax (Rich.) DC.,Árbol,Chuagalo,
387,2212,76,2005-09-22 00:00:00,746436,32990,1484,BC,3,8,9,6904,30,c,43,44,17,26,6,Chloranthaceae,Hedyosmum,cuatrecazanum,Occhioni,Hedyosmum cuatrecazanum Occhioni,Árbol,Tarqui,
388,2213,77,2005-09-22 00:00:00,746436,32990,1484,BC,3,8,9,6821,10,d,44,7.5,7,9,3,Lauraceae,Persea,pseudofasciculata,Kopp,Persea pseudofasciculata Kopp,Árbol,Aguacatillo,Más común. Hoja enves blanco
389,2214,77,2005-09-22 00:00:00,746436,32990,1484,BC,3,8,9,6905,10,d,45,8.75,5.5,9,1.5,Moraceae,Helicostylis,tovarensis,(Klotzsch & H. Karst.) C.C. Berg,Helicostylis tovarensis (Klotzsch & H. Karst.) C.C. Berg,Árbol,,"Corteza amarilla, latex crema"
390,2215,77,2005-09-22 00:00:00,746436,32990,1484,BC,3,8,9,6919,10,d,46,50.5,18,25,10,Lauraceae,Aniba,cf. hostmanniana,(Nees) Mez,Aniba cf. hostmanniana (Nees) Mez,Árbol,Alpa,
391,2216,77,2005-09-22 00:00:00,746436,32990,1484,BC,3,8,9,6891,10,d,47,6.15,6,8,3,Rubiaceae,Faramea,fragans,Standl.,Faramea fragans Standl.,Arbusto,,
392,2217,77,2005-09-22 00:00:00,746436,32990,1484,BC,3,8,9,6827,10,d,48,25,9,15,3,Clusiaceae,Chrysochlamys,dependens,Planch. & Triana,Chrysochlamys dependens Planch. & Triana,Árbol,,
393,2218,77,2005-09-22 00:00:00,746436,32990,1484,BC,3,8,9,6906,10,d,49,6.5,4,5,0,Lecythidaceae,Gustavia,dodsonii,S.A. Mori,Gustavia dodsonii S.A. Mori,Árbol,,
394,2219,77,2005-09-22 00:00:00,746436,32990,1484,BC,3,8,9,6764,15,d,50,70.5,18,27,12,Burseraceae,Dacryodes,cupularis,Cuatrec.,Dacryodes cupularis Cuatrec.,Árbol,Copal blanco,Resina blanca fragante
395,2220,77,2005-09-22 00:00:00,746436,32990,1484,BC,3,8,9,6907,20,d,51,47.25,13,20,8,Araliaceae,Oreopanax,ecuadorensis,Seem.,Oreopanax ecuadorensis Seem.,Árbol,,
396,2221,77,2005-09-22 00:00:00,746436,32990,1484,BC,3,8,9,6908,25,b,52,85,10,27,14,Myrtaceae,Eugenia,florida,DC.,Eugenia florida DC.,Árbol,,
397,2222,77,2005-09-22 00:00:00,746436,32990,1484,BC,3,8,9,6909,28,d,53,69.5,12,25,8,Anacardiaceae,Tapirira,guianensis,Aubl.,Tapirira guianensis Aubl.,Árbol,Cedrillo,
398,2396,84,2005-09-27 00:00:00,745450,32949,1665,BC,4,9,3,7012,10,a,1,8,3.5,10,2,Moraceae,Helicostylis,tovarensis,(Klotzsch & H. Karst.) C.C. Berg,Helicostylis tovarensis (Klotzsch & H. Karst.) C.C. Berg,Árbol,,Latex amarillento
399,2397,84,2005-09-27 00:00:00,745450,32949,1665,BC,4,9,3,7013,10,a,2,5,1.7,6,2,Rubiaceae,Elaeagia,karstenii,Standl.,Elaeagia karstenii Standl.,Árbol,,
400,2398,84,2005-09-27 00:00:00,745450,32949,1665,BC,4,9,3,7014,10,a,3,8,8,11,2,Melastomataceae,Meriania,finicola,Wurdack,Meriania finicola Wurdack,Árbol,,Foliolos jóvenes blanquecinos
401,2399,84,2005-09-27 00:00:00,745450,32949,1665,BC,4,9,3,7015,10,a,4,10.5,4.5,6.5,3,Lauraceae,Persea,aff. pseudofasciculata,Kopp,Persea aff. pseudofasciculata Kopp,Árbol,Aguacatillo,Más común. Hoja enves blanco
402,2400,84,2005-09-27 00:00:00,745450,32949,1665,BC,4,9,3,7016,10,a,5,5.5,3.5,7,1.5,Moraceae,Ficus,sibundoya,Dugand,Ficus sibundoya Dugand,Árbol,,Latex muy blanco
403,2401,84,2005-09-27 00:00:00,745450,32949,1665,BC,4,9,3,7017,10,a,6,5.5,3.5,6,2,Moraceae,vs. Perebea,angustifolia,(Poepp. & Endl.) C.C. Berg,vs. Perebea angustifolia (Poepp. & Endl.) C.C. Berg,Árbol,,Latex crema obscuro
404,2402,84,2005-09-27 00:00:00,745450,32949,1665,BC,4,9,3,7014,10,a,7,8.5,5,7,4,Melastomataceae,Meriania,finicola,Wurdack,Meriania finicola Wurdack,Árbol,,Foliolos jóvenes blanquecinos
405,2403,84,2005-09-27 00:00:00,745450,32949,1665,BC,4,9,3,7014,10,a,8,5,1.5,5.5,3,Melastomataceae,Meriania,finicola,Wurdack,Meriania finicola Wurdack,Árbol,,Foliolos jóvenes blanquecinos
406,2404,84,2005-09-27 00:00:00,745450,32949,1665,BC,4,9,3,7012,10,a,9,8.5,4.5,12,2,Moraceae,Helicostylis,tovarensis,(Klotzsch & H. Karst.) C.C. Berg,Helicostylis tovarensis (Klotzsch & H. Karst.) C.C. Berg,Árbol,,Latex crema
407,2405,84,2005-09-27 00:00:00,745450,32949,1665,BC,4,9,3,7013,10,b,10,16,6,12,4,Rubiaceae,Elaeagia,karstenii,Standl.,Elaeagia karstenii Standl.,Árbol,,
408,2406,84,2005-09-27 00:00:00,745450,32949,1665,BC,4,9,3,7018,10,b,11,23,10,17,8,Indeterminado,sp. 1,,,sp. 1  ,Arbolito,,"Corteza externa amarillenta y fisurada, enves de la epidermis rojiza"
409,2407,84,2005-09-27 00:00:00,745450,32949,1665,BC,4,9,3,7014,10,b,12,5,1.5,4,2,Melastomataceae,Meriania,finicola,Wurdack,Meriania finicola Wurdack,Árbol,,
410,2408,84,2005-09-27 00:00:00,745450,32949,1665,BC,4,9,3,7019,10,b,13,7.5,4,6,1.5,Melastomataceae,Miconia,aggregata,Gleason,Miconia aggregata Gleason,Arbolito,,
411,2409,84,2005-09-27 00:00:00,745450,32949,1665,BC,4,9,3,7020,10,b,14,19,3,5,3.5,Dicksoniaceae,Dicksonia,sellowiana,Hook.,Dicksonia sellowiana Hook.,Árbol,Helecho arboreo,
412,2410,84,2005-09-27 00:00:00,745450,32949,1665,BC,4,9,3,7021,10,b,15,6,5,7,2.5,Melastomataceae,Miconia,cf. subnodosa,Triana  ,Miconia cf. subnodosa Triana  ,Arbusto,,
413,2411,84,2005-09-27 00:00:00,745450,32949,1665,BC,4,9,3,7022,10,b,16,72.5,12,24,10,Lauraceae,Ocotea ,insularis,(Meisn.) Mez,Ocotea  insularis (Meisn.) Mez,Árbol,Pacche,Corteza interna anaranjada
414,2412,84,2005-09-27 00:00:00,745450,32949,1665,BC,4,9,3,7023,10,b,17,7,0,0,0,Ochnaceae,Ouratea,weberbaueri,Sleumer,Ouratea weberbaueri Sleumer,Árbol,,Liana de dosel. Corteza interna vino
415,2413,84,2005-09-27 00:00:00,745450,32949,1665,BC,4,9,3,7024,10,b,18,7.5,7,10,2,Indeterminado,sp. 2,,,sp. 2  ,Arbolito,,"Corteza externa amarillenta y fisurada, enves de la epidermis rojiza"
416,2414,84,2005-09-27 00:00:00,745450,32949,1665,BC,4,9,3,7025,10,b,19,12,7,12,1.5,Lauraceae,Beilschmiedia,alloiophylla,(Rusby) Kosterm.,Beilschmiedia alloiophylla (Rusby) Kosterm.,Árbol,Aguacate blanco,Corteza externa marrón
417,2415,84,2005-09-27 00:00:00,745450,32949,1665,BC,4,9,3,7026,10,b,20,23.5,8,16,3,Flacourtiaceae,Casearia,cajambrensis,Cuatrec.,Casearia cajambrensis Cuatrec.,Arbolito,,
418,2416,84,2005-09-27 00:00:00,745450,32949,1665,BC,4,9,3,7021,10,b,21,11,4,9,2,Melastomataceae,Miconia,cf. subnodosa,Triana  ,Miconia cf. subnodosa Triana  ,Arbusto,,
419,2417,84,2005-09-27 00:00:00,745450,32949,1665,BC,4,9,3,7027,10,b,22,47,13,26,15,Lauraceae,Ocotea ,insularis,(Meisn.) Mez,Ocotea  insularis (Meisn.) Mez,Árbol,Pacche,Corteza interna café
420,2418,84,2005-09-27 00:00:00,745450,32949,1665,BC,4,9,3,7028,10,a,23,5,4,7,1.5,Rubiaceae,Tocoyena,pittieri,(Standl.) Standl.,Tocoyena pittieri (Standl.) Standl.,Arbolito,,
421,2419,84,2005-09-27 00:00:00,745450,32949,1665,BC,4,9,3,7029,10,c,24,6,4,6,1.5,Chrysobalanaceae,Licania,durifolia,Cuatrec.,Licania durifolia Cuatrec.,Árbol,,
422,2420,84,2005-09-27 00:00:00,745450,32949,1665,BC,4,9,3,7015,10,c,25,6.5,4,7,2,Lauraceae,Persea,aff. pseudofasciculata,Kopp,Persea aff. pseudofasciculata Kopp,Árbol,Aguacatillo,Más común. Hoja enves blanco
423,2421,84,2005-09-27 00:00:00,745450,32949,1665,BC,4,9,3,7030,10,c,26,15.5,12,15,3,Myristicaceae,Otoba,gordoniifolia,(A. DC.) A.H. Gentry,Otoba gordoniifolia (A. DC.) A.H. Gentry,Árbol,Sangre de gallina,
424,2422,84,2005-09-27 00:00:00,745450,32949,1665,BC,4,9,3,7031,10,c,27,55,12,25,15,Cecropiaceae,Coussapoa,contorta,Cuatrec.,Coussapoa contorta Cuatrec.,Árbol,,
425,2423,84,2005-09-27 00:00:00,745450,32949,1665,BC,4,9,3,7023,10,c,28,5.5,0,0,0,Ochnaceae,Ouratea,weberbaueri,Sleumer,Ouratea weberbaueri Sleumer,Árbol,,Liana de dosel. Corteza interna vino
426,2424,84,2005-09-27 00:00:00,745450,32949,1665,BC,4,9,3,7015,10,c,29,8.5,6,9,2,Lauraceae,Persea,aff. pseudofasciculata,Kopp,Persea aff. pseudofasciculata Kopp,Árbol,Aguacatillo,Más común. Hoja enves blanco
427,2425,84,2005-09-27 00:00:00,745450,32949,1665,BC,4,9,3,7015,10,d,30,13,5,10,4,Lauraceae,Persea,aff. pseudofasciculata,Kopp,Persea aff. pseudofasciculata Kopp,Árbol,Aguacatillo,Más común. Hoja enves blanco
428,2426,84,2005-09-27 00:00:00,745450,32949,1665,BC,4,9,3,7032,10,d,31,12,7,13,4,Moraceae,Helicostylis,tovarensis,(Klotzsch & H. Karst.) C.C. Berg,Helicostylis tovarensis (Klotzsch & H. Karst.) C.C. Berg,Árbol,,"Hoja simple y alterna, corteza interna amarilla"
429,2427,84,2005-09-27 00:00:00,745450,32949,1665,BC,4,9,3,7014,10,d,32,6.5,5,8,3,Melastomataceae,Meriania,finicola,Wurdack,Meriania finicola Wurdack,Árbol,,
430,2428,84,2005-09-27 00:00:00,745450,32949,1665,BC,4,9,3,7033,10,d,33,12.5,4,10,2,Lecythidaceae,Eschweilera,integrifolia,(Ruiz & Pav. ex Miers) R. Knuth,Eschweilera integrifolia (Ruiz & Pav. ex Miers) R. Knuth,Árbol,,Flor fucsia
431,2429,84,2005-09-27 00:00:00,745450,32949,1665,BC,4,9,3,7034,10,d,34,19.5,12,16,3,Annonaceae,Guatteria,megalophylla,Diels,Guatteria megalophylla Diels,Árbol,,Con flores y frutos
432,2430,84,2005-09-27 00:00:00,745450,32949,1665,BC,4,9,3,7035,10,d,35,7.5,6,10,3,Cecropiaceae,Cecropia,reticulata,Cuatrec.,Cecropia reticulata Cuatrec.,Árbol,,
433,2431,84,2005-09-27 00:00:00,745450,32949,1665,BC,4,9,3,7036,10,d,36,9,12,12.5,1,Lauraceae,Ocotea ,insularis,(Meisn.) Mez,Ocotea  insularis (Meisn.) Mez,Árbol,Pacche,
434,2432,84,2005-09-27 00:00:00,745450,32949,1665,BC,4,9,3,7030,10,d,37,45.5,15,17,10,Myristicaceae,Otoba,gordoniifolia,(A. DC.) A.H. Gentry,Otoba gordoniifolia (A. DC.) A.H. Gentry,Árbol,Sangre de gallina,
435,2433,84,2005-09-27 00:00:00,745450,32949,1665,BC,4,9,3,7037,22,a,38,40,12,18,5,Rubiaceae,sp.2,,,sp.2  ,Árbol,,Corteza interna rosada
436,2434,84,2005-09-27 00:00:00,745450,32949,1665,BC,4,9,3,7038,20,a,39,70.75,10,12,1,Myristicaceae,Otoba,gordoniifolia,(A. DC.) A.H. Gentry,Otoba gordoniifolia (A. DC.) A.H. Gentry,Árbol,Sangre de gallina,
437,2435,84,2005-09-27 00:00:00,745450,32949,1665,BC,4,9,3,7015,16,a,40,46.5,10,23,8,Lauraceae,Persea,aff. pseudofasciculata,Kopp,Persea aff. pseudofasciculata Kopp,Árbol,Aguacatillo,Más común. Hoja enves blanco
438,2436,84,2005-09-27 00:00:00,745450,32949,1665,BC,4,9,3,7038,22,a,41,60,14,20,5,Myristicaceae,Otoba,gordoniifolia,(A. DC.) A.H. Gentry,Otoba gordoniifolia (A. DC.) A.H. Gentry,Árbol,Sangre de gallina,
439,2437,84,2005-09-27 00:00:00,745450,32949,1665,BC,4,9,3,7038,20,b,42,59,10,18,0,Myristicaceae,Otoba,gordoniifolia,(A. DC.) A.H. Gentry,Otoba gordoniifolia (A. DC.) A.H. Gentry,Árbol,Sangre de gallina,
440,2438,84,2005-09-27 00:00:00,745450,32949,1665,BC,4,9,3,7015,25,b,43,45.5,7,22,10,Lauraceae,Persea,aff. pseudofasciculata,Kopp,Persea aff. pseudofasciculata Kopp,Árbol,Aguacatillo,Más común. Hoja enves blanco
441,2439,85,2005-09-27 00:00:00,745450,32949,1665,BC,4,9,3,7038,27,b,44,63,15,25,12,Myristicaceae,Otoba,gordoniifolia,(A. DC.) A.H. Gentry,Otoba gordoniifolia (A. DC.) A.H. Gentry,Árbol,Sangre de gallina,
442,2440,85,2005-09-27 00:00:00,745450,32949,1665,BC,4,9,3,7038,24,b,45,57,22,25,10,Myristicaceae,Otoba,gordoniifolia,(A. DC.) A.H. Gentry,Otoba gordoniifolia (A. DC.) A.H. Gentry,Árbol,Sangre de gallina,
443,2441,85,2005-09-27 00:00:00,745450,32949,1665,BC,4,9,3,7039,20,b,46,78.5,8,18,5,Annonaceae,sp.,,,sp.  ,Árbol,,Extrangulada por Ficus
444,2442,85,2005-09-27 00:00:00,745450,32949,1665,BC,4,9,3,7040,25,b,47,43,18,27,12,Lauraceae,Ocotea ,insularis,(Meisn.) Mez,Ocotea  insularis (Meisn.) Mez,Árbol,Pacche,Corteza interna café claro
445,2443,85,2005-09-27 00:00:00,745450,32949,1665,BC,4,9,3,7041,30,b,48,63.5,9,20,7,Lauraceae,Nectandra,sp.2,,Nectandra sp.2 ,Árbol,,Tallo joven cuadrangular
446,2444,85,2005-09-27 00:00:00,745450,32949,1665,BC,4,9,3,7038,20,c,49,40.5,15,25,8,Myristicaceae,Otoba,gordoniifolia,(A. DC.) A.H. Gentry,Otoba gordoniifolia (A. DC.) A.H. Gentry,Árbol,Sangre de gallina,
447,2445,85,2005-09-27 00:00:00,745450,32949,1665,BC,4,9,3,7038,14,c,50,48,18,23,10,Myristicaceae,Otoba,gordoniifolia,(A. DC.) A.H. Gentry,Otoba gordoniifolia (A. DC.) A.H. Gentry,Árbol,Sangre de gallina,
448,2446,85,2005-09-27 00:00:00,745450,32949,1665,BC,4,9,3,7042,18,c,51,43.5,10,12,5,Clusiaceae,Clusia,trochimorfis,Vesque,Clusia trochimorfis Vesque,Árbol,,Latex amarillo
449,2447,85,2005-09-27 00:00:00,745450,32949,1665,BC,4,9,3,7043,20,c,52,39.5,8,25,8,Lauraceae,Ocotea ,aff. floccifera,Mez & Sodiro,Ocotea  aff. floccifera Mez & Sodiro,Árbol,Pacche,Copa rota
450,2448,85,2005-09-27 00:00:00,745450,32949,1665,BC,4,9,3,7015,25,c,53,85.5,12,25,13,Lauraceae,Persea,aff. pseudofasciculata,Kopp,Persea aff. pseudofasciculata Kopp,Árbol,Aguacatillo,Más común. Hoja enves blanco
451,2449,85,2005-09-27 00:00:00,745450,32949,1665,BC,4,9,3,7015,28,c,54,47.5,10,15,8,Lauraceae,Persea,aff. pseudofasciculata,Kopp,Persea aff. pseudofasciculata Kopp,Árbol,Aguacatillo,Más común. Hoja enves blanco
452,2450,85,2005-09-27 00:00:00,745450,32949,1665,BC,4,9,3,7044,20,d,55,51.5,8,20,7,Lauraceae,sp. 1,,,sp. 1  ,Árbol,,
453,2451,85,2005-09-27 00:00:00,745450,32949,1665,BC,4,9,3,7045,20,d,56,56.5,1.5,18,8,Sapotaceae,Chrysophyllum,cf. argenteum,Jacq.,Chrysophyllum cf. argenteum Jacq.,Árbol,,
454,2452,85,2005-09-27 00:00:00,745450,32949,1665,BC,4,9,3,7046,29,d,57,60,15,22,10,Lauraceae,Ocotea ,insularis,(Meisn.) Mez,Ocotea  insularis (Meisn.) Mez,Árbol,Pacche,
455,2453,85,2005-09-27 00:00:00,745450,32949,1665,BC,4,9,3,7045,15,d,58,44.5,7,27,12,Sapotaceae,Chrysophyllum,cf. argenteum,Jacq.,Chrysophyllum cf. argenteum Jacq.,Árbol,,
456,2567,90,2005-09-28 00:00:00,745252,33351,1583,BC,4,9,6,7127,10,a,1,29,8,17,8,Lauraceae,Persea,pseudofasciculata,Kopp,Persea pseudofasciculata Kopp,Árbol,Aguacatillo,Más común. Hoja enves blanco
457,2568,90,2005-09-28 00:00:00,745252,33351,1583,BC,4,9,6,7128,10,a,2,5.5,8,9,2,Lecythidaceae,Eschweilera,integrifolia,(Ruiz & Pav. ex Miers) R. Knuth,Eschweilera integrifolia (Ruiz & Pav. ex Miers) R. Knuth,Árbol,,
458,2569,90,2005-09-28 00:00:00,745252,33351,1583,BC,4,9,6,7129,10,a,3,6,3,5,3,Melastomataceae,Conostegia,aff. centronioides,Markgr.,Conostegia aff. centronioides Markgr.,Arbolito,,
459,2570,90,2005-09-28 00:00:00,745252,33351,1583,BC,4,9,6,7130,10,a,4,5,5,5.5,0.5,Annonaceae,Guatteria,megalophylla,Diels,Guatteria megalophylla Diels,Árbol,,Latex blanco
460,2571,90,2005-09-28 00:00:00,745252,33351,1583,BC,4,9,6,7131,10,b,5,5,0,0,0,Ochnaceae,Ouratea,weberbaueri,Sleumer,Ouratea weberbaueri Sleumer,Árbol,,"Liana de dosel, corteza interna rosada"
461,2572,90,2005-09-28 00:00:00,745252,33351,1583,BC,4,9,6,7132,10,b,6,41,10,20,12,Indeterminado,sp. 8,,,sp. 8  ,Arbolito,,
462,2573,90,2005-09-28 00:00:00,745252,33351,1583,BC,4,9,6,7133,10,b,7,7,1.7,2,4,Cyatheaceae,Alsophila,erinacea,(H. Karst.) D.S. Conant,Alsophila erinacea (H. Karst.) D.S. Conant,Árbol,Helecho arboreo,Latex crema obscuro
463,2574,90,2005-09-28 00:00:00,745252,33351,1583,BC,4,9,6,7127,10,b,8,7,7,10,3.5,Lauraceae,Persea,pseudofasciculata,Kopp,Persea pseudofasciculata Kopp,Árbol,Aguacatillo,Más común. Hoja enves blanco
464,2575,90,2005-09-28 00:00:00,745252,33351,1583,BC,4,9,6,7133,10,b,9,18,7,18,4,Moraceae,Pseudolmedia,rigida,(Klotzsch & H. Karst.) Cuatrec.,Pseudolmedia rigida (Klotzsch & H. Karst.) Cuatrec.,Árbol,Jívaro,Latex crema obscuro
465,2576,90,2005-09-28 00:00:00,745252,33351,1583,BC,4,9,6,7134,10,b,10,7,1.3,1.5,1,Cyatheaceae,Cyathea,caracasana,(Klotzsch) Domin,Cyathea caracasana (Klotzsch) Domin,Árbol,Helecho arboreo,
466,2577,90,2005-09-28 00:00:00,745252,33351,1583,BC,4,9,6,7134,10,c,11,12.5,10,15,2.5,Lauraceae,Ocotea ,floccifera,Mez & Sodiro,Ocotea  floccifera Mez & Sodiro,Árbol,Rosa,Corteza lenticelada. Corteza interna rosada
467,2578,90,2005-09-28 00:00:00,745252,33351,1583,BC,4,9,6,7135,10,c,12,34.5,8,18,7,Lauraceae,Beilschmiedia,aff. costaricensis,(Mez & Pittier) C.K. Allen,Beilschmiedia aff. costaricensis (Mez & Pittier) C.K. Allen,Árbol,Aguacate blanco,
468,2579,90,2005-09-28 00:00:00,745252,33351,1583,BC,4,9,6,7136,10,c,13,18.5,9,14,5,Melastomataceae,Meriania,finicola,Wurdack,Meriania finicola Wurdack,Árbol,,
469,2580,90,2005-09-28 00:00:00,745252,33351,1583,BC,4,9,6,7128,10,c,14,9,5,10,1.5,Lecythidaceae,Eschweilera,integrifolia,(Ruiz & Pav. ex Miers) R. Knuth,Eschweilera integrifolia (Ruiz & Pav. ex Miers) R. Knuth,Árbol,,
470,2581,90,2005-09-28 00:00:00,745252,33351,1583,BC,4,9,6,7137,10,c,15,15.5,3,7,3,Sapotaceae,Chrysophyllum,aff. venezuelanense,(Pierre) T.D.Penn.,Chrysophyllum aff. venezuelanense (Pierre) T.D.Penn.,Árbol,,Latex blanco
471,2582,90,2005-09-28 00:00:00,745252,33351,1583,BC,4,9,6,7138,10,d,16,10.5,4.5,6,3,Clusiaceae,Chrysochlamys,dependens,Planch. & Triana,Chrysochlamys dependens Planch. & Triana,Árbol,,Hoja simple y opuesta
472,2583,90,2005-09-28 00:00:00,745252,33351,1583,BC,4,9,6,7139,10,d,17,15.5,4,10,3,Lauraceae,Beilschmiedia,alloiophylla,(Rusby) Kosterm.,Beilschmiedia alloiophylla (Rusby) Kosterm.,Árbol,Aguacate blanco,Corteza interna crema
473,2584,90,2005-09-28 00:00:00,745252,33351,1583,BC,4,9,6,7140,10,d,18,22.5,11,17,3,Annonaceae,Guatteria,megalophylla,Diels,Guatteria megalophylla Diels,Árbol,,
474,2585,90,2005-09-28 00:00:00,745252,33351,1583,BC,4,9,6,7141,10,d,19,31.25,11,19,8,Lauraceae,Ocotea ,insularis,(Meisn.) Mez,Ocotea  insularis (Meisn.) Mez,Árbol,Pacche,
475,2586,90,2005-09-28 00:00:00,745252,33351,1583,BC,4,9,6,7142,10,d,20,13,6,6.5,5,Cyatheaceae,Cyathea,caracasana,(Klotzsch) Domin,Cyathea caracasana (Klotzsch) Domin,Árbol,Helecho arboreo,
476,2587,90,2005-09-28 00:00:00,745252,33351,1583,BC,4,9,6,7143,25,d,21,71.5,5,20,11,Euphorbiaceae,Alchornea,cf. grandis,Benth.,Alchornea cf. grandis Benth.,Árbol,,
477,2588,90,2005-09-28 00:00:00,745252,33351,1583,BC,4,9,6,7144,30,d,22,41.25,7,25,7,Meliaceae,sp.2,,,sp.2  ,Árbol,Canelo,
478,2589,90,2005-09-28 00:00:00,745252,33351,1583,BC,4,9,6,7145,11,d,23,45,10,19,8,Moraceae,Ficus,dulciaria,Dugand,Ficus dulciaria Dugand,Árbol,Lechero,Latex crema
479,2590,90,2005-09-28 00:00:00,745252,33351,1583,BC,4,9,6,7146,13,a,24,54,15,25,12,Clusiaceae,Clusia,aff. hydrogera,Cuatrec.,Clusia aff. hydrogera Cuatrec.,Hemiepífita,,Latex amarillo
480,2591,90,2005-09-28 00:00:00,745252,33351,1583,BC,4,9,6,7147,15,a,25,48,10,23,8,Moraceae,Ficus,cuatrecasana,Dugand,Ficus cuatrecasana Dugand,Hemiepífita,,Latex blanco
481,2592,90,2005-09-28 00:00:00,745252,33351,1583,BC,4,9,6,7148,14,c,26,37.5,12,25,8,Cunoniaceae,Weinmannia,balbisiana,Kunth,Weinmannia balbisiana Kunth,Árbol,,
482,2593,90,2005-09-28 00:00:00,745252,33351,1583,BC,4,9,6,7149,25,d,27,48,11,23,8,Rutaceae,Zanthoxylum,sp.,,Zanthoxylum sp. ,Árbol,,Corteza interna blanquecina
483,2594,90,2005-09-28 00:00:00,745252,33351,1583,BC,4,9,6,7150,29,d,28,41.5,15,20,12,Clusiaceae,Clusia,trochimorfis,Vesque,Clusia trochimorfis Vesque,Árbol,,Latex amarillo
484,2595,91,2005-09-28 00:00:00,745252,33351,1583,BC,4,9,6,7124,15,a,29,45.5,14,23,10,Clusiaceae,Vismia,lauriformis,(Lam.) Choisy,Vismia lauriformis (Lam.) Choisy,Árbol,Achotillo,"Corteza externa fisurada, corteza interna anaranjada"
485,2596,91,2005-09-28 00:00:00,745252,33351,1583,BC,4,9,6,7121,17,b,30,54.5,18,25,12,Myristicaceae,Otoba,gordoniifolia,(A. DC.) A.H. Gentry,Otoba gordoniifolia (A. DC.) A.H. Gentry,Árbol,Sangre de gallina,
486,2597,91,2005-09-28 00:00:00,745252,33351,1583,BC,4,9,6,7080,20,c,31,44,8,18,12,Lauraceae,Rhodostemonodaphne,cyclops,Madriñan,Rhodostemonodaphne cyclops Madriñan,Árbol,,Más común. Hoja enves blanco
487,2598,91,2005-09-28 00:00:00,745252,33351,1583,BC,4,9,6,7080,25,c,32,66.5,15,25,15,Lauraceae,Rhodostemonodaphne,cyclops,Madriñan,Rhodostemonodaphne cyclops Madriñan,Árbol,,Más común. Hoja enves blanco
488,2599,91,2005-09-28 00:00:00,745252,33351,1583,BC,4,9,6,7121,13,d,33,49.5,18,22,8,Myristicaceae,Otoba,gordoniifolia,(A. DC.) A.H. Gentry,Otoba gordoniifolia (A. DC.) A.H. Gentry,Árbol,Sangre de gallina,Extrangulada por Ficus
489,2600,91,2005-09-28 00:00:00,745252,33351,1583,BC,4,9,6,7080,25,d,34,54.5,8,15,7,Lauraceae,Rhodostemonodaphne,cyclops,Madriñan,Rhodostemonodaphne cyclops Madriñan,Árbol,,Más común. Hoja enves blanco
490,2601,91,2005-09-28 00:00:00,745252,33351,1583,BC,4,9,6,7121,26,d,35,64,18,25,12,Myristicaceae,Otoba,gordoniifolia,(A. DC.) A.H. Gentry,Otoba gordoniifolia (A. DC.) A.H. Gentry,Árbol,Sangre de gallina,
491,2602,91,2005-09-28 00:00:00,745252,33351,1583,BC,4,9,6,7121,30,d,36,58,10,15,5,Myristicaceae,Otoba,gordoniifolia,(A. DC.) A.H. Gentry,Otoba gordoniifolia (A. DC.) A.H. Gentry,Árbol,Sangre de gallina,
492,2646,93,2005-09-29 00:00:00,745932,33438,1408,BC,4,9,9,7182,10,a,1,7.5,5,10,4,Lauraceae,Persea,aff. pseudofasciculata,Kopp,Persea aff. pseudofasciculata Kopp,Árbol,Aguacatillo,Más común. Hoja enves blanco
493,2647,93,2005-09-29 00:00:00,745932,33438,1408,BC,4,9,9,7183,10,a,2,5,6.5,8,3,Lauraceae,Ocotea ,insularis,(Meisn.) Mez,Ocotea  insularis (Meisn.) Mez,Árbol,Pacche,Corteza externa con lenticelas
494,2648,93,2005-09-29 00:00:00,745932,33438,1408,BC,4,9,9,7184,10,a,3,7,8,10,2,Lauraceae,Nectandra,guadaripo,Rohwer,Nectandra guadaripo Rohwer,Árbol,Pacche canelo,
495,2649,93,2005-09-29 00:00:00,745932,33438,1408,BC,4,9,9,7185,10,a,4,9.25,10,14,4,Anacardiaceae,Mauria,cf. heterophylla,Kunth,Mauria cf. heterophylla Kunth,Arbolito,,
496,2650,93,2005-09-29 00:00:00,745932,33438,1408,BC,4,9,9,7182,10,a,5,7.25,3,5.5,3,Lauraceae,Persea,aff. pseudofasciculata,Kopp,Persea aff. pseudofasciculata Kopp,Árbol,Aguacatillo,Más común. Hoja enves blanco
497,2651,93,2005-09-29 00:00:00,745932,33438,1408,BC,4,9,9,7186,10,a,6,5,4.5,7,3,Annonaceae,Guatteria,sp.,,Guatteria sp. ,Arbolito,,
498,2652,93,2005-09-29 00:00:00,745932,33438,1408,BC,4,9,9,7182,10,a,7,7.5,2.5,7,3.5,Lauraceae,Persea,aff. pseudofasciculata,Kopp,Persea aff. pseudofasciculata Kopp,Árbol,Aguacatillo,Más común. Hoja enves blanco
499,2653,93,2005-09-29 00:00:00,745932,33438,1408,BC,4,9,9,7187,10,a,8,6.25,5.5,9,1.5,Burseraceae,Dacryodes,cupularis,Cuatrec.,Dacryodes cupularis Cuatrec.,Árbol,Copal blanco,Resina blanca fragante
500,2654,93,2005-09-29 00:00:00,745932,33438,1408,BC,4,9,9,7188,10,b,9,11.25,10,12,2,Indeterminado,sp. 10,,,sp. 10  ,Arbolito,,"Corteza interna arenosa, rosado pálido"
501,2655,93,2005-09-29 00:00:00,745932,33438,1408,BC,4,9,9,7189,10,b,10,6,6,9,2,Myrtaceae,Myrcia,cf. fallax,(Rich.) DC.,Myrcia cf. fallax (Rich.) DC.,Árbol,Arrayán,Chuagalo
502,2656,93,2005-09-29 00:00:00,745932,33438,1408,BC,4,9,9,7187,10,b,11,29.75,17,26,9,Burseraceae,Dacryodes,cupularis,Cuatrec.,Dacryodes cupularis Cuatrec.,Árbol,Copal blanco,Resina blanca fragante
503,2657,93,2005-09-29 00:00:00,745932,33438,1408,BC,4,9,9,7190,10,b,12,9.5,7,9,1.5,Moraceae,Helicostylis,tovarensis,(Klotzsch & H. Karst.) C.C. Berg,Helicostylis tovarensis (Klotzsch & H. Karst.) C.C. Berg,Árbol,,Latex crema
504,2658,93,2005-09-29 00:00:00,745932,33438,1408,BC,4,9,9,7191,10,b,13,5.5,0.7,6,1.5,Lecythidaceae,Eschweilera,rimbachii,Standl.,Eschweilera rimbachii Standl.,Árbol,,
505,2659,93,2005-09-29 00:00:00,745932,33438,1408,BC,4,9,9,7192,10,b,14,22.5,15,20,6,Myristicaceae,Otoba,gordoniifolia,(A. DC.) A.H. Gentry,Otoba gordoniifolia (A. DC.) A.H. Gentry,Árbol,Sangre de gallina,
506,2660,93,2005-09-29 00:00:00,745932,33438,1408,BC,4,9,9,7193,10,b,15,26,9,18,8,Burseraceae,Protium,ecuadorense,Benoist,Protium ecuadorense Benoist,Árbol,Copal colorado,
507,2661,93,2005-09-29 00:00:00,745932,33438,1408,BC,4,9,9,7194,15,b,16,10,7,7.5,1.5,Rubiaceae,Tocoyena,pittieri,(Standl.) Standl.,Tocoyena pittieri (Standl.) Standl.,Arbolito,,
508,2662,93,2005-09-29 00:00:00,745932,33438,1408,BC,4,9,9,7195,10,b,17,19.5,7,15,6,Moraceae,Pseudolmedia,rigida,(Klotzsch & H. Karst.) Cuatrec.,Pseudolmedia rigida (Klotzsch & H. Karst.) Cuatrec.,Árbol,,Latex crema
509,2663,93,2005-09-29 00:00:00,745932,33438,1408,BC,4,9,9,7196,10,c,18,17.75,18,23,6,Lauraceae,Nectandra,aff. Purpurea ,Ruiz & Pav.,Nectandra aff. Purpurea Ruiz & Pav,Árbol,Alpa,
510,2664,93,2005-09-29 00:00:00,745932,33438,1408,BC,4,9,9,7196,10,c,19,7,8,10,3,Lauraceae,Ocotea ,sp.2,,Ocotea  sp.2 ,Árbol,Alpa,
511,2665,93,2005-09-29 00:00:00,745932,33438,1408,BC,4,9,9,7197,10,c,20,8.5,4,6,4,Rubiaceae,Psychotria,paeonia,C.M. Taylor,Psychotria paeonia C.M. Taylor,Arbusto,,
512,2666,93,2005-09-29 00:00:00,745932,33438,1408,BC,4,9,9,7198,10,c,21,27,18,24,10,Lauraceae,Aniba,aff. hostmanniana,(Nees) Mez,Aniba aff. hostmanniana (Nees) Mez,Árbol,Alpa,
513,2667,93,2005-09-29 00:00:00,745932,33438,1408,BC,4,9,9,7187,10,c,22,7,3,5,1.5,Burseraceae,Dacryodes,cupularis,Cuatrec.,Dacryodes cupularis Cuatrec.,Arbolito,Copal blanco,Resina blanca fragante
514,2668,93,2005-09-29 00:00:00,745932,33438,1408,BC,4,9,9,7182,10,c,23,16,8,12,4,Lauraceae,Persea,aff. pseudofasciculata,Kopp,Persea aff. pseudofasciculata Kopp,Árbol,Aguacatillo,Más común. Hoja enves blanco
515,2669,93,2005-09-29 00:00:00,745932,33438,1408,BC,4,9,9,7195,10,c,24,16.5,8,13,6,Moraceae,Pseudolmedia,rigida,(Klotzsch & H. Karst.) Cuatrec.,Pseudolmedia rigida (Klotzsch & H. Karst.) Cuatrec.,Árbol,,Latex crema obscuro
516,2670,93,2005-09-29 00:00:00,745932,33438,1408,BC,4,9,9,7199,10,d,25,21.5,11,18,6,Clusiaceae,Garcinia,macrophylla,Mart.,Garcinia macrophylla Mart.,Árbol,Madroño,Latex amarillo
517,2671,93,2005-09-29 00:00:00,745932,33438,1408,BC,4,9,9,7200,10,d,26,7,7,10,3.5,Lecythidaceae,Eschweilera,integrifolia,(Ruiz & Pav. ex Miers) R. Knuth,Eschweilera integrifolia (Ruiz & Pav. ex Miers) R. Knuth,Árbol,,
518,2672,93,2005-09-29 00:00:00,745932,33438,1408,BC,4,9,9,7200,15,d,27,10,4,10,3,Lecythidaceae,Eschweilera,integrifolia,(Ruiz & Pav. ex Miers) R. Knuth,Eschweilera integrifolia (Ruiz & Pav. ex Miers) R. Knuth,Árbol,,
519,2673,93,2005-09-29 00:00:00,745932,33438,1408,BC,4,9,9,7200,10,d,28,16,4,15,2,Lecythidaceae,Eschweilera,integrifolia,(Ruiz & Pav. ex Miers) R. Knuth,Eschweilera integrifolia (Ruiz & Pav. ex Miers) R. Knuth,Árbol,,
520,2674,93,2005-09-29 00:00:00,745932,33438,1408,BC,4,9,9,7201,10,d,29,62.5,8,25,9,Burseraceae,Protium,ecuadorense,Benoist,Protium ecuadorense Benoist,Árbol,Copal colorado,
521,2675,93,2005-09-29 00:00:00,745932,33438,1408,BC,4,9,9,7202,15,d,30,10,3.5,5,3,Cyatheaceae,Alsophila,erinacea,(H. Karst.) D.S. Conant,Alsophila erinacea (H. Karst.) D.S. Conant,Árbol,Helecho arboreo,
522,2676,93,2005-09-29 00:00:00,745932,33438,1408,BC,4,9,9,7203,15,a,31,42.5,15,27,12,Lauraceae,Ocotea ,aff. oblonga,(Meisn.) Mez,Ocotea  aff. oblonga (Meisn.) Mez,Árbol,Yalte,
523,2677,93,2005-09-29 00:00:00,745932,33438,1408,BC,4,9,9,7204,20,a,32,49.5,18,20,8,Burseraceae,Dacryodes,cupularis,Cuatrec.,Dacryodes cupularis Cuatrec.,Árbol,Copal colorado,
524,2678,93,2005-09-29 00:00:00,745932,33438,1408,BC,4,9,9,7205,25,a,33,61.5,14,23,12,Burseraceae,Protium,ecuadorense,Benoist,Protium ecuadorense Benoist,Árbol,Copal colorado,
525,2679,93,2005-09-29 00:00:00,745932,33438,1408,BC,4,9,9,7204,30,a,34,42.5,14,18,10,Burseraceae,Dacryodes,cupularis,Cuatrec.,Dacryodes cupularis Cuatrec.,Árbol,Copal blanco,Resina blanca fragante
526,2680,93,2005-09-29 00:00:00,745932,33438,1408,BC,4,9,9,7196,17,b,35,44.5,12,15,1,Lauraceae,Ocotea ,sp.2,,Ocotea  sp.2 ,Árbol,Alpa,
527,2681,93,2005-09-29 00:00:00,745932,33438,1408,BC,4,9,9,7206,12,b,36,44.5,15,24,12,Indeterminado,sp. 3,,,sp. 3  ,Arbolito,,Corteza interna amarilla
528,2682,93,2005-09-29 00:00:00,745932,33438,1408,BC,4,9,9,7205,15,b,37,41,10,22,7,Burseraceae,Protium,ecuadorense,Benoist,Protium ecuadorense Benoist,Árbol,Copal colorado,
529,2683,93,2005-09-29 00:00:00,745932,33438,1408,BC,4,9,9,7204,25,c,38,46,15,23,7,Burseraceae,Dacryodes,cupularis,Cuatrec.,Dacryodes cupularis Cuatrec.,Árbol,Copal blanco,Resina blanca fragante
530,2684,93,2005-09-29 00:00:00,745932,33438,1408,BC,4,9,9,7205,15,c,39,63.5,7,24,12,Burseraceae,Protium,ecuadorense,Benoist,Protium ecuadorense Benoist,Árbol,Copal colorado,
531,2685,93,2005-09-29 00:00:00,745932,33438,1408,BC,4,9,9,7207,17,c,40,42.5,8,18,12,Moraceae,Ficus,sibundoya,Dugand,Ficus sibundoya Dugand,Árbol,,
532,2686,93,2005-09-29 00:00:00,745932,33438,1408,BC,4,9,9,7208,19,c,41,43.5,17,26,10,Euphorbiaceae,Hieronyma,alchorneoides,Allemāo,Hieronyma alchorneoides Allemāo,Árbol,Motilón,
533,2687,93,2005-09-29 00:00:00,745932,33438,1408,BC,4,9,9,7209,25,d,42,46.5,12,20,8,Lauraceae,Ocotea ,insularis,(Meisn.) Mez,Ocotea  insularis (Meisn.) Mez,Árbol,Pacche,
534,2688,93,2005-09-29 00:00:00,745932,33438,1408,BC,4,9,9,7204,30,d,43,56.5,17,24,12,Burseraceae,Dacryodes,cupularis,Cuatrec.,Dacryodes cupularis Cuatrec.,Árbol,Copal blanco,Resina blanca fragante
535,,,,,,,,,,,,,,,,,,,,,,,,,,
536,,,,,,,,,,,,,,,,,,,,,,,,,,
